Frequency,AngleOfAttack,ChordLength,FreeStreamVelocity,SuctionSideDisplacement,SoundLevelDecibels
4000,3.0,0.3048,31.7,0.00529514,115.608
3150,2.0,0.2286,31.7,0.00372371,121.527
2000,7.3,0.2286,31.7,0.0132672,115.309
2000,5.4,0.1524,71.3,0.00401199,131.111
500,9.9,0.1524,71.3,0.0193001,131.279
1000,12.6,0.1524,71.3,0.0483159,122.044
12500,0.0,0.0254,39.6,0.000428464,129.116
1600,4.8,0.0254,39.6,0.000907475,125.966
2000,15.6,0.1016,71.3,0.0437259,119.888
6300,0.0,0.2286,31.7,0.0027238,116.815
6300,2.7,0.1524,39.6,0.00294804,119.209
630,5.4,0.1524,31.7,0.00525474,131.471
800,17.4,0.0254,31.7,0.0176631,139.226
2000,0.0,0.1016,31.7,0.00150092,133.153
200,15.6,0.1016,39.6,0.0528487,123.514
1000,0.0,0.3048,71.3,0.00266337,125.201
1250,0.0,0.3048,71.3,0.00266337,125.951
800,2.7,0.1524,39.6,0.00294804,128.829
3150,9.5,0.0254,39.6,0.00449821,129.934
6300,12.7,0.0254,71.3,0.0121808,125.398
500,12.3,0.1016,31.7,0.0418756,118.667
315,3.0,0.3048,31.7,0.00529514,123.118
5000,3.0,0.3048,31.7,0.00529514,113.858
800,0.0,0.2286,39.6,0.00253511,130.205
2500,4.8,0.0254,55.5,0.000873218,129.144
6300,9.5,0.0254,71.3,0.00420654,127.246
1600,0.0,0.1016,39.6,0.00146332,133.261
800,2.0,0.2286,39.6,0.00346574,129.037
630,7.3,0.2286,31.7,0.0132672,126.189
8000,5.4,0.1524,55.5,0.00433288,114.927
315,9.9,0.1524,31.7,0.0252785,128.809
1000,0.0,0.0254,31.7,0.000439472,125.127
630,9.5,0.0254,39.6,0.00449821,126.514
1600,17.4,0.0254,31.7,0.0176631,126.846
6300,12.3,0.1016,39.6,0.0408268,107.985
3150,15.6,0.1016,71.3,0.0437259,116.468
500,4.0,0.2286,71.3,0.00400603,126.758
1600,7.3,0.2286,39.6,0.0123481,121.059
1250,0.0,0.1524,31.7,0.00209405,131.467
1250,5.4,0.1524,31.7,0.00525474,123.991
800,8.9,0.1016,39.6,0.0124596,130.94
3150,12.3,0.1016,31.7,0.0418756,110.307
2500,15.6,0.1016,71.3,0.0437259,118.998
2000,0.0,0.3048,55.5,0.00283081,126.616
400,7.3,0.2286,31.7,0.0132672,130.269
1250,5.4,0.1524,71.3,0.00401199,134.111
2500,9.9,0.1524,55.5,0.0208438,118.365
500,12.6,0.1524,71.3,0.0483159,121.664
6300,0.0,0.0508,55.5,0.00076193,132.796
500,19.7,0.0508,71.3,0.0341183,126.995
6300,4.8,0.0254,71.3,0.000848633,134.498
5000,22.2,0.0254,71.3,0.0214178,125.727
8000,3.3,0.1016,39.6,0.00245138,118.091
2000,3.3,0.1016,31.7,0.00251435,131.642
2500,12.3,0.1016,71.3,0.0337792,121.318
2000,0.0,0.2286,39.6,0.00253511,125.305
1250,2.7,0.1524,39.6,0.00294804,130.829
3150,5.4,0.1524,55.5,0.00433288,121.587
12500,0.0,0.0508,31.7,0.000812164,119.07
2500,4.2,0.0508,71.3,0.00142788,131.978
315,15.4,0.0508,55.5,0.0271925,125.39
1600,15.4,0.0508,39.6,0.0282593,124.843
400,9.5,0.0254,55.5,0.0043284,120.952
800,9.5,0.0254,55.5,0.0043284,128.082
400,17.4,0.0254,39.6,0.0172206,115.444
315,12.3,0.1016,71.3,0.0337792,137.068
6300,0.0,0.3048,55.5,0.00283081,117.976
1600,3.0,0.3048,55.5,0.00452492,124.439
800,5.4,0.1524,39.6,0.00485029,132.757
630,7.2,0.1524,71.3,0.00752039,134.853
1250,0.0,0.0508,31.7,0.000812164,129.27
4000,15.4,0.0508,31.7,0.0289853,115.635
1600,19.7,0.0508,71.3,0.0341183,120.575
1250,12.7,0.0254,71.3,0.0121808,133.048
1000,6.7,0.1016,55.5,0.0052139,137.233
1000,7.3,0.2286,39.6,0.0123481,122.539
3150,0.0,0.1524,31.7,0.00209405,124.207
5000,0.0,0.1524,31.7,0.00209405,122.397
5000,17.4,0.0254,71.3,0.016104,123.126
12500,0.0,0.2286,71.3,0.00214345,117.624
800,0.0,0.2286,31.7,0.0027238,130.725
3150,7.3,0.2286,39.6,0.0123481,114.309
800,5.4,0.1524,71.3,0.00401199,131.281
2500,0.0,0.0508,71.3,0.000740478,131.31
1000,8.4,0.0508,55.5,0.00544854,130.722
1250,15.4,0.0508,31.7,0.0289853,123.255
3150,4.8,0.0254,55.5,0.000873218,132.354
8000,4.8,0.0254,55.5,0.000873218,132.184
4000,0.0,0.1016,39.6,0.00146332,127.801
800,4.0,0.2286,39.6,0.00473801,130.469
4000,7.3,0.2286,31.7,0.0132672,112.639
1600,5.4,0.1524,71.3,0.00401199,133.241
800,8.4,0.0508,31.7,0.00580776,128.246
3150,11.2,0.0508,71.3,0.014072,127.141
1600,11.2,0.0508,39.6,0.0150478,126.54
3150,0.0,0.0254,71.3,0.000400682,137.007
2000,0.0,0.3048,39.6,0.00310138,123.689
5000,0.0,0.3048,31.7,0.00331266,115.645
2000,0.0,0.2286,71.3,0.00214345,128.244
1250,19.7,0.0508,71.3,0.0341183,121.485
1000,9.5,0.0254,31.7,0.00461377,131.346
630,4.0,0.3048,71.3,0.00497773,131.615
3150,9.9,0.1524,71.3,0.0193001,116.849
800,0.0,0.0508,39.6,0.000791822,126.508
500,11.2,0.0508,71.3,0.014072,130.311
1000,0.0,0.3048,31.7,0.00331266,127.365
2500,4.0,0.2286,39.6,0.00473801,119.649
4000,5.3,0.2286,39.6,0.00614329,115.801
2500,0.0,0.1524,39.6,0.00193287,126.863
1000,12.6,0.1524,39.6,0.0584113,114.67
1000,0.0,0.0508,39.6,0.000791822,127.638
4000,0.0,0.0508,31.7,0.000812164,134.11
400,19.7,0.0508,71.3,0.0341183,123.865
5000,4.8,0.0254,71.3,0.000848633,135.468
630,6.7,0.1016,71.3,0.00478288,131.448
1250,8.9,0.1016,71.3,0.0103088,132.793
6300,3.0,0.3048,71.3,0.00425727,116.134
1600,0.0,0.2286,31.7,0.0027238,125.625
400,2.0,0.2286,39.6,0.00346574,122.147
250,7.3,0.2286,55.5,0.0111706,136.384
5000,7.3,0.2286,39.6,0.0123481,111.959
6300,9.5,0.0254,39.6,0.00449821,120.324
3150,3.3,0.1016,71.3,0.00202822,132.114
500,0.0,0.3048,55.5,0.00283081,126.416
3150,4.0,0.3048,39.6,0.00579636,118.743
8000,2.0,0.2286,71.3,0.00293031,115.996
500,4.0,0.2286,39.6,0.00473801,127.039
5000,4.0,0.2286,39.6,0.00473801,117.649
8000,7.2,0.1524,39.6,0.00909175,111.588
630,9.9,0.1524,39.6,0.0233328,126.465
6300,0.0,0.0508,71.3,0.000740478,133.04
1000,9.5,0.0254,55.5,0.0043284,130.332
1600,0.0,0.3048,39.6,0.00310138,124.049
400,7.3,0.2286,55.5,0.0111706,135.924
1600,7.3,0.2286,55.5,0.0111706,123.354
2000,8.4,0.0508,71.3,0.00529514,134.476
200,15.4,0.0508,71.3,0.0264269,123.595
2500,15.4,0.0508,31.7,0.0289853,119.945
8000,0.0,0.0254,55.5,0.00041229,136.163
20000,0.0,0.0254,55.5,0.00041229,121.933
800,9.5,0.0254,39.6,0.00449821,129.014
4000,12.7,0.0254,71.3,0.0121808,131.808
630,15.6,0.1016,39.6,0.0528487,118.084
315,5.3,0.2286,39.6,0.00614329,129.691
5000,7.3,0.2286,31.7,0.0132672,111.029
2000,5.4,0.1524,39.6,0.00485029,124.647
3150,9.9,0.1524,31.7,0.0252785,112.209
800,0.0,0.3048,55.5,0.00283081,128.086
1600,3.0,0.3048,39.6,0.00495741,122.782
1000,2.0,0.2286,71.3,0.00293031,128.956
6300,9.9,0.1524,71.3,0.0193001,112.039
200,11.2,0.0508,71.3,0.014072,125.941
1000,22.2,0.0254,39.6,0.0229028,128.416
5000,3.3,0.1016,55.5,0.002211,124.839
630,4.0,0.2286,71.3,0.00400603,129.038
1250,4.0,0.2286,31.7,0.00509068,128.119
630,0.0,0.1524,31.7,0.00209405,125.997
2000,19.7,0.0508,71.3,0.0341183,120.055
630,3.3,0.1016,55.5,0.002211,126.599
1000,3.0,0.3048,71.3,0.00425727,129.004
5000,3.0,0.3048,71.3,0.00425727,118.134
2500,3.0,0.3048,31.7,0.00529514,119.598
2500,0.0,0.1524,71.3,0.0015988,128.127
1000,2.7,0.1524,71.3,0.00243851,128.774
2500,5.4,0.1524,39.6,0.00485029,120.497
1250,12.6,0.1524,39.6,0.0584113,112.16
2500,0.0,0.0508,31.7,0.000812164,134.87
20000,0.0,0.0254,71.3,0.000400682,123.217
1000,9.5,0.0254,71.3,0.00420654,129.556
2500,9.5,0.0254,55.5,0.0043284,134.152
500,12.7,0.0254,39.6,0.0130253,127.127
2500,0.0,0.3048,71.3,0.00266337,125.571
8000,0.0,0.3048,31.7,0.00331266,110.515
630,3.0,0.3048,31.7,0.00529514,128.698
1000,0.0,0.2286,39.6,0.00253511,130.435
2000,0.0,0.2286,31.7,0.0027238,123.455
2500,0.0,0.2286,31.7,0.0027238,123.445
1600,5.4,0.1524,31.7,0.00525474,123.761
500,7.2,0.1524,39.6,0.00909175,132.658
800,12.6,0.1524,71.3,0.0483159,123.054
1600,6.7,0.1016,31.7,0.00592927,124.346
2000,12.3,0.1016,39.6,0.0408268,114.085
1000,3.0,0.3048,55.5,0.00452492,129.329
500,2.0,0.2286,55.5,0.00313525,124.692
500,2.0,0.2286,39.6,0.00346574,125.157
4000,0.0,0.1524,39.6,0.00193287,125.343
2000,7.2,0.1524,39.6,0.00909175,120.228
400,15.4,0.0508,71.3,0.0264269,126.805
6300,0.0,0.0254,71.3,0.000400682,134.987
1250,0.0,0.3048,55.5,0.00283081,126.086
630,2.0,0.2286,55.5,0.00313525,126.842
1600,7.3,0.2286,31.7,0.0132672,119.039
2500,6.7,0.1016,71.3,0.00478288,131.458
800,12.3,0.1016,71.3,0.0337792,127.318
800,0.0,0.3048,71.3,0.00266337,126.201
4000,9.9,0.1524,55.5,0.0208438,112.945
2000,0.0,0.0254,55.5,0.00041229,127.623
16000,1.5,0.3048,71.3,0.00336729,106.582
2000,2.0,0.2286,55.5,0.00313525,124.612
3150,12.7,0.0254,71.3,0.0121808,133.758
4000,12.3,0.1016,71.3,0.0337792,118.018
4000,3.0,0.3048,55.5,0.00452492,118.689
500,3.0,0.3048,39.6,0.00495741,127.632
6300,0.0,0.1524,71.3,0.0015988,125.427
250,9.9,0.1524,31.7,0.0252785,128.559
1600,4.2,0.0508,39.6,0.00152689,130.197
6300,15.4,0.0508,39.6,0.0282593,109.663
500,12.3,0.1016,39.6,0.0408268,122.205
3150,4.0,0.2286,55.5,0.0042862,122.394
5000,0.0,0.0508,71.3,0.000740478,134.43
200,12.3,0.1016,31.7,0.0418756,124.987
5000,0.0,0.3048,71.3,0.00266337,121.301
16000,4.0,0.2286,71.3,0.00400603,112.768
2000,4.0,0.2286,39.6,0.00473801,121.659
2500,8.4,0.0508,71.3,0.00529514,134.226
2000,11.2,0.0508,39.6,0.0150478,124.42
3150,15.4,0.0508,39.6,0.0282593,120.513
1600,22.2,0.0254,39.6,0.0229028,122.216
630,0.0,0.1016,31.7,0.00150092,126.413
630,6.7,0.1016,39.6,0.00578076,133.355
4000,15.6,0.1016,71.3,0.0437259,113.298
4000,0.0,0.3048,55.5,0.00283081,121.106
3150,3.0,0.3048,55.5,0.00452492,120.189
630,4.0,0.3048,39.6,0.00579636,131.073
800,2.0,0.2286,71.3,0.00293031,128.216
1250,5.3,0.2286,71.3,0.0051942,133.38
3150,9.9,0.1524,39.6,0.0233328,113.525
4000,9.9,0.1524,31.7,0.0252785,111.459
4000,8.4,0.0508,71.3,0.00529514,126.926
500,17.4,0.0254,71.3,0.016104,119.806
1600,0.0,0.1016,71.3,0.00121072,131.725
1250,6.7,0.1016,71.3,0.00478288,137.658
250,0.0,0.3048,39.6,0.00310138,119.319
2000,4.0,0.3048,71.3,0.00497773,124.395
1000,15.4,0.0508,31.7,0.0289853,124.525
2000,9.5,0.0254,39.6,0.00449821,131.274
400,17.4,0.0254,55.5,0.0165706,115.461
400,4.0,0.3048,39.6,0.00579636,128.633
500,4.0,0.2286,55.5,0.0042862,127.314
400,4.0,0.2286,31.7,0.00509068,126.149
4000,0.0,0.1524,31.7,0.00209405,123.807
315,9.9,0.1524,39.6,0.0233328,128.595
500,8.4,0.0508,39.6,0.00566229,122.905
630,15.4,0.0508,71.3,0.0264269,129.645
5000,22.2,0.0254,39.6,0.0229028,118.816
2500,3.3,0.1016,39.6,0.00245138,130.791
1600,12.3,0.1016,55.5,0.0368233,121.824
630,12.3,0.1016,31.7,0.0418756,119.287
200,15.6,0.1016,71.3,0.0437259,130.898
1600,4.0,0.2286,71.3,0.00400603,129.468
2500,7.2,0.1524,71.3,0.00752039,124.353
1250,9.9,0.1524,55.5,0.0208438,121.635
2000,0.0,0.0508,31.7,0.000812164,133.01
1250,17.4,0.0254,71.3,0.016104,126.356
500,17.4,0.0254,31.7,0.0176631,127.676
1000,6.7,0.1016,71.3,0.00478288,136.758
1250,6.7,0.1016,55.5,0.0052139,136.883
315,0.0,0.2286,39.6,0.00253511,121.055
1000,4.0,0.2286,31.7,0.00509068,129.869
1000,17.4,0.0254,71.3,0.016104,125.816
5000,0.0,0.1016,71.3,0.00121072,130.795
6300,3.3,0.1016,39.6,0.00245138,120.851
6300,15.6,0.1016,39.6,0.0528487,104.204
5000,0.0,0.2286,71.3,0.00214345,124.304
1600,4.0,0.2286,55.5,0.0042862,128.264
1250,8.4,0.0508,55.5,0.00544854,132.252
2500,0.0,0.0254,39.6,0.000428464,131.836
1600,22.2,0.0254,71.3,0.0214178,131.817
2000,3.3,0.1016,71.3,0.00202822,134.034
500,6.7,0.1016,39.6,0.00578076,130.955
1000,8.9,0.1016,71.3,0.0103088,135.433
2000,8.9,0.1016,71.3,0.0103088,124.233
1600,12.3,0.1016,39.6,0.0408268,117.875
2000,7.3,0.2286,71.3,0.0104404,122.708
200,9.9,0.1524,55.5,0.0208438,131.955
2000,8.4,0.0508,39.6,0.00566229,129.965
4000,4.8,0.0254,39.6,0.000907475,134.996
2000,9.5,0.0254,31.7,0.00461377,130.496
12500,1.5,0.3048,71.3,0.00336729,109.222
5000,0.0,0.0508,55.5,0.00076193,134.556
1250,15.4,0.0508,39.6,0.0282593,126.743
5000,2.0,0.2286,71.3,0.00293031,122.816
1250,7.3,0.2286,39.6,0.0123481,123.189
1600,9.5,0.0254,55.5,0.0043284,133.062
250,17.4,0.0254,31.7,0.0176631,116.956
1000,4.0,0.3048,71.3,0.00497773,131.015
5000,4.0,0.2286,55.5,0.0042862,120.034
250,7.3,0.2286,39.6,0.0123481,131.889
8000,0.0,0.1524,39.6,0.00193287,120.553
5000,5.4,0.1524,39.6,0.00485029,117.037
10000,4.2,0.0508,71.3,0.00142788,121.238
250,19.7,0.0508,71.3,0.0341183,119.115
1600,12.7,0.0254,39.6,0.0130253,129.977
1600,6.7,0.1016,71.3,0.00478288,136.678
3150,3.0,0.3048,39.6,0.00495741,118.922
500,0.0,0.2286,39.6,0.00253511,126.195
630,9.9,0.1524,71.3,0.0193001,129.889
6300,9.9,0.1524,39.6,0.0233328,109.885
800,0.0,0.0508,71.3,0.000740478,130.96
6300,4.2,0.0508,71.3,0.00142788,129.308
800,8.4,0.0508,71.3,0.00529514,127.556
4000,8.4,0.0508,39.6,0.00566229,118.955
2000,15.4,0.0508,55.5,0.0271925,127.04
1600,0.0,0.0254,39.6,0.000428464,124.156
6300,1.5,0.3048,39.6,0.00392107,114.751
5000,7.3,0.2286,71.3,0.0104404,115.298
800,12.3,0.1016,39.6,0.0408268,122.315
1000,15.6,0.1016,39.6,0.0528487,119.224
3150,15.6,0.1016,39.6,0.0528487,109.254
1600,0.0,0.3048,31.7,0.00331266,122.365
5000,9.9,0.1524,39.6,0.0233328,111.135
800,19.7,0.0508,39.6,0.036484,119.174
500,9.5,0.0254,31.7,0.00461377,126.886
3150,22.2,0.0254,39.6,0.0229028,120.856
6300,0.0,0.3048,39.6,0.00310138,116.229
8000,4.0,0.3048,71.3,0.00497773,113.665
6300,4.0,0.2286,55.5,0.0042862,117.154
4000,0.0,0.1524,55.5,0.00172668,127.233
2000,2.7,0.1524,39.6,0.00294804,128.139
400,11.2,0.0508,39.6,0.0150478,130.67
6300,4.8,0.0254,39.6,0.000907475,134.336
4000,3.3,0.1016,71.3,0.00202822,128.704
800,6.7,0.1016,71.3,0.00478288,134.478
6300,4.0,0.3048,71.3,0.00497773,116.165
400,5.4,0.1524,31.7,0.00525474,127.781
5000,0.0,0.0254,31.7,0.000439472,138.607
400,8.9,0.1016,39.6,0.0124596,135.54
1600,1.5,0.3048,71.3,0.00336729,126.632
10000,5.3,0.2286,71.3,0.0051942,111.35
4000,5.4,0.1524,31.7,0.00525474,116.181
1600,9.9,0.1524,31.7,0.0252785,117.119
250,15.4,0.0508,31.7,0.0289853,121.225
1600,0.0,0.1016,55.5,0.00131983,132.05
400,12.3,0.1016,31.7,0.0418756,123.207
16000,0.0,0.3048,71.3,0.00266337,108.721
1600,0.0,0.2286,39.6,0.00253511,127.095
4000,4.2,0.0508,39.6,0.00152689,131.807
16000,0.0,0.0254,31.7,0.000439472,125.627
630,9.5,0.0254,31.7,0.00461377,129.006
1250,3.3,0.1016,55.5,0.002211,132.769
250,8.9,0.1016,39.6,0.0124596,134.34
2000,12.3,0.1016,71.3,0.0337792,122.218
10000,1.5,0.3048,71.3,0.00336729,113.492
10000,3.0,0.3048,55.5,0.00452492,112.169
500,5.3,0.2286,71.3,0.0051942,129.88
1250,5.4,0.1524,55.5,0.00433288,130.777
400,9.9,0.1524,31.7,0.0252785,128.939
3150,17.4,0.0254,31.7,0.0176631,123.466
630,0.0,0.3048,31.7,0.00331266,129.095
4000,0.0,0.3048,31.7,0.00331266,118.145
4000,1.5,0.3048,39.6,0.00392107,117.741
800,4.0,0.3048,71.3,0.00497773,131.755
1250,0.0,0.2286,31.7,0.0027238,128.805
2500,4.0,0.2286,55.5,0.0042862,122.384
1250,7.3,0.2286,71.3,0.0104404,127.358
2000,12.6,0.1524,71.3,0.0483159,117.504
800,8.4,0.0508,55.5,0.00544854,128.562
800,11.2,0.0508,71.3,0.014072,136.031
200,15.4,0.0508,31.7,0.0289853,119.975
4000,22.2,0.0254,71.3,0.0214178,123.917
5000,3.3,0.1016,71.3,0.00202822,127.054
1600,3.3,0.1016,55.5,0.002211,133.649
2500,3.3,0.1016,31.7,0.00251435,130.392
800,6.7,0.1016,31.7,0.00592927,132.886
1250,15.6,0.1016,39.6,0.0528487,118.214
630,0.0,0.2286,31.7,0.0027238,129.465
500,7.3,0.2286,71.3,0.0104404,136.798
500,7.2,0.1524,71.3,0.00752039,132.043
3150,4.2,0.0508,39.6,0.00152689,133.587
400,11.2,0.0508,71.3,0.014072,129.281
400,15.4,0.0508,55.5,0.0271925,126.5
16000,0.0,0.0254,39.6,0.000428464,124.986
1250,9.5,0.0254,55.5,0.0043284,132.202
250,15.6,0.1016,71.3,0.0437259,132.158
1600,15.6,0.1016,71.3,0.0437259,121.528
1000,4.0,0.3048,39.6,0.00579636,128.723
4000,0.0,0.2286,31.7,0.0027238,122.035
630,0.0,0.1524,39.6,0.00193287,124.403
2000,8.4,0.0508,55.5,0.00544854,133.042
4000,22.2,0.0254,39.6,0.0229028,119.646
6300,3.3,0.1016,31.7,0.00251435,120.702
315,12.3,0.1016,39.6,0.0408268,129.415
2500,2.0,0.2286,39.6,0.00346574,121.397
200,7.3,0.2286,55.5,0.0111706,135.234
2500,0.0,0.1524,31.7,0.00209405,125.867
10000,2.7,0.1524,71.3,0.00243851,116.724
500,9.9,0.1524,31.7,0.0252785,127.179
6300,9.5,0.0254,55.5,0.0043284,124.222
3150,17.4,0.0254,39.6,0.0172206,123.564
12500,0.0,0.1016,71.3,0.00121072,119.375
8000,2.7,0.1524,71.3,0.00243851,120.534
1600,7.2,0.1524,71.3,0.00752039,130.893
200,7.3,0.2286,31.7,0.0132672,128.679
5000,5.4,0.1524,55.5,0.00433288,118.757
200,9.9,0.1524,71.3,0.0193001,134.319
8000,4.2,0.0508,71.3,0.00142788,125.268
630,19.7,0.0508,39.6,0.036484,120.324
1250,0.0,0.1016,55.5,0.00131983,131.43
1000,3.3,0.1016,31.7,0.00251435,133.012
3150,8.9,0.1016,71.3,0.0103088,123.263
4000,4.0,0.2286,31.7,0.00509068,118.859
3150,7.3,0.2286,71.3,0.0104404,120.458
3150,0.0,0.1524,71.3,0.0015988,129.377
5000,12.6,0.1524,71.3,0.0483159,108.034
10000,0.0,0.0254,55.5,0.00041229,134.563
1000,17.4,0.0254,39.6,0.0172206,138.274
2500,0.0,0.2286,39.6,0.00253511,125.025
6300,7.3,0.2286,39.6,0.0123481,110.839
1600,0.0,0.1524,31.7,0.00209405,130.817
1250,9.9,0.1524,71.3,0.0193001,122.679
200,9.9,0.1524,31.7,0.0252785,127.299
400,9.5,0.0254,39.6,0.00449821,121.154
1000,0.0,0.1016,31.7,0.00150092,131.313
630,8.9,0.1016,39.6,0.0124596,131.92
2500,5.3,0.2286,39.6,0.00614329,116.151
630,7.3,0.2286,39.6,0.0123481,128.929
1600,9.5,0.0254,39.6,0.00449821,131.184
4000,9.5,0.0254,31.7,0.00461377,126.736
2500,17.4,0.0254,39.6,0.0172206,124.154
2000,0.0,0.2286,55.5,0.00229336,126.54
315,7.3,0.2286,71.3,0.0104404,139.808
16000,0.0,0.1524,71.3,0.0015988,113.297
250,9.9,0.1524,71.3,0.0193001,135.329
4000,0.0,0.0508,71.3,0.000740478,134.43
2500,0.0,0.0508,39.6,0.000791822,134.938
800,0.0,0.0508,31.7,0.000812164,122.79
5000,15.4,0.0508,71.3,0.0264269,119.135
3150,4.8,0.0254,39.6,0.000907475,133.436
8000,4.8,0.0254,39.6,0.000907475,131.346
4000,3.3,0.1016,31.7,0.00251435,124.852
2000,1.5,0.3048,71.3,0.00336729,126.642
2000,9.9,0.1524,71.3,0.0193001,120.779
4000,4.8,0.0254,55.5,0.000873218,133.924
315,9.5,0.0254,31.7,0.00461377,122.766
250,17.4,0.0254,71.3,0.016104,113.796
250,17.4,0.0254,55.5,0.0165706,110.491
6300,3.0,0.3048,39.6,0.00495741,114.042
1000,7.2,0.1524,39.6,0.00909175,128.338
800,12.6,0.1524,39.6,0.0584113,116.56
1000,12.7,0.0254,39.6,0.0130253,130.947
315,8.9,0.1016,71.3,0.0103088,136.583
315,0.0,0.3048,31.7,0.00331266,122.765
1250,1.5,0.3048,71.3,0.00336729,125.872
500,5.3,0.2286,39.6,0.00614329,132.251
6300,7.3,0.2286,71.3,0.0104404,115.818
400,12.6,0.1524,39.6,0.0584113,115.91
630,19.7,0.0508,71.3,0.0341183,128.365
8000,0.0,0.0254,39.6,0.000428464,135.866
1250,12.3,0.1016,55.5,0.0368233,124.214
400,0.0,0.3048,39.6,0.00310138,124.809
2500,1.5,0.3048,71.3,0.00336729,124.512
5000,3.0,0.3048,39.6,0.00495741,115.792
6300,0.0,0.1524,55.5,0.00172668,123.303
3150,0.0,0.1524,39.6,0.00193287,125.603
315,19.7,0.0508,71.3,0.0341183,121.235
200,9.5,0.0254,39.6,0.00449821,116.074
315,8.9,0.1016,39.6,0.0124596,135.38
2500,15.6,0.1016,39.6,0.0528487,110.264
8000,3.0,0.3048,55.5,0.00452492,113.799
1250,4.0,0.3048,71.3,0.00497773,129.395
800,4.0,0.2286,71.3,0.00400603,130.688
8000,4.0,0.2286,71.3,0.00400603,112.848
4000,7.3,0.2286,39.6,0.0123481,114.079
1000,0.0,0.1524,39.6,0.00193287,130.033
6300,9.9,0.1524,55.5,0.0208438,110.555
2000,11.2,0.0508,71.3,0.014072,133.311
800,0.0,0.1016,39.6,0.00146332,128.401
500,3.0,0.3048,71.3,0.00425727,128.454
6300,4.0,0.2286,31.7,0.00509068,112.699
5000,15.4,0.0508,39.6,0.0282593,114.453
10000,12.7,0.0254,71.3,0.0121808,114.418
800,17.4,0.0254,39.6,0.0172206,135.324
500,22.2,0.0254,71.3,0.0214178,117.967
1000,12.3,0.1016,55.5,0.0368233,125.484
315,4.0,0.3048,71.3,0.00497773,128.175
2000,15.4,0.0508,71.3,0.0264269,129.285
16000,0.0,0.0254,71.3,0.000400682,130.477
2500,17.4,0.0254,55.5,0.0165706,124.931
4000,12.3,0.1016,39.6,0.0408268,110.905
10000,0.0,0.3048,31.7,0.00331266,108.265
6300,0.0,0.2286,55.5,0.00229336,118.41
1000,0.0,0.1524,55.5,0.00172668,128.583
630,9.9,0.1524,55.5,0.0208438,127.315
5000,0.0,0.0254,55.5,0.00041229,135.803
10000,0.0,0.1016,71.3,0.00121072,123.305
500,6.7,0.1016,55.5,0.0052139,129.343
250,12.3,0.1016,31.7,0.0418756,125.857
6300,1.5,0.3048,71.3,0.00336729,118.122
400,4.0,0.3048,71.3,0.00497773,129.575
6300,0.0,0.2286,39.6,0.00253511,117.465
3150,5.4,0.1524,31.7,0.00525474,118.291
1600,9.9,0.1524,39.6,0.0233328,118.545
2500,12.6,0.1524,39.6,0.0584113,106.88
1000,8.4,0.0508,71.3,0.00529514,129.946
8000,3.3,0.1016,71.3,0.00202822,121.234
3150,1.5,0.3048,71.3,0.00336729,123.392
1000,5.3,0.2286,39.6,0.00614329,125.581
10000,7.2,0.1524,39.6,0.00909175,110.868
8000,0.0,0.0508,71.3,0.000740478,130.89
2000,4.8,0.0254,31.7,0.000930789,130.148
8000,4.8,0.0254,31.7,0.000930789,127.008
5000,12.3,0.1016,71.3,0.0337792,116.108
1000,0.0,0.2286,55.5,0.00229336,128.29
315,4.0,0.2286,31.7,0.00509068,123.609
1000,5.3,0.2286,71.3,0.0051942,134.0
2500,5.4,0.1524,71.3,0.00401199,127.591
1250,9.9,0.1524,31.7,0.0252785,118.619
3150,0.0,0.0254,55.5,0.00041229,130.503
1250,9.5,0.0254,71.3,0.00420654,131.656
1250,12.7,0.0254,39.6,0.0130253,130.777
8000,22.2,0.0254,71.3,0.0214178,121.657
1000,6.7,0.1016,31.7,0.00592927,131.636
10000,1.5,0.3048,39.6,0.00392107,108.991
400,3.0,0.3048,31.7,0.00529514,125.398
16000,0.0,0.1524,55.5,0.00172668,112.803
1600,0.0,0.0508,55.5,0.00076193,128.576
400,8.4,0.0508,39.6,0.00566229,120.015
12500,0.0,0.0254,55.5,0.00041229,131.453
2000,0.0,0.1016,71.3,0.00121072,132.095
1250,0.0,0.0508,55.5,0.00076193,127.076
1250,9.5,0.0254,39.6,0.00449821,130.964
800,22.2,0.0254,71.3,0.0214178,123.227
3150,22.2,0.0254,71.3,0.0214178,124.127
5000,9.9,0.1524,31.7,0.0252785,109.949
1250,0.0,0.0508,71.3,0.000740478,128.56
2500,8.4,0.0508,55.5,0.00544854,131.542
1000,11.2,0.0508,39.6,0.0150478,132.43
4000,9.5,0.0254,55.5,0.0043284,131.582
4000,17.4,0.0254,31.7,0.0176631,121.996
800,3.3,0.1016,71.3,0.00202822,131.074
10000,3.3,0.1016,39.6,0.00245138,115.321
4000,8.9,0.1016,71.3,0.0103088,120.243
6300,12.3,0.1016,71.3,0.0337792,113.958
6300,12.3,0.1016,55.5,0.0368233,110.124
12500,4.0,0.3048,71.3,0.00497773,107.405
800,0.0,0.2286,55.5,0.00229336,127.53
400,4.0,0.2286,55.5,0.0042862,123.274
2500,0.0,0.1524,55.5,0.00172668,127.763
3150,5.4,0.1524,71.3,0.00401199,123.311
2500,11.2,0.0508,39.6,0.0150478,122.17
10000,12.7,0.0254,39.6,0.0130253,116.017
8000,0.0,0.1016,31.7,0.00150092,120.193
800,1.5,0.3048,39.6,0.00392107,128.831
1250,4.0,0.2286,39.6,0.00473801,128.339
1000,9.9,0.1524,39.6,0.0233328,123.835
630,12.6,0.1524,71.3,0.0483159,123.304
500,15.4,0.0508,55.5,0.0271925,127.22
250,12.7,0.0254,39.6,0.0130253,121.547
4000,0.0,0.1016,55.5,0.00131983,129.5
500,4.0,0.3048,39.6,0.00579636,130.173
800,4.0,0.2286,31.7,0.00509068,130.869
1600,5.4,0.1524,39.6,0.00485029,126.267
6300,15.4,0.0508,71.3,0.0264269,115.215
400,15.4,0.0508,39.6,0.0282593,125.353
6300,0.0,0.3048,71.3,0.00266337,119.541
500,3.0,0.3048,55.5,0.00452492,128.179
3150,0.0,0.2286,71.3,0.00214345,127.834
800,2.0,0.2286,55.5,0.00313525,128.492
5000,2.0,0.2286,39.6,0.00346574,118.827
4000,4.0,0.2286,39.6,0.00473801,119.159
630,5.4,0.1524,55.5,0.00433288,131.807
5000,4.8,0.0254,55.5,0.000873218,135.484
1000,9.5,0.0254,39.6,0.00449821,130.374
5000,8.9,0.1016,39.6,0.0124596,113.08
1600,12.3,0.1016,71.3,0.0337792,124.748
800,15.6,0.1016,39.6,0.0528487,118.964
800,15.4,0.0508,39.6,0.0282593,128.423
250,12.7,0.0254,71.3,0.0121808,119.698
800,0.0,0.1016,71.3,0.00121072,126.805
1000,12.3,0.1016,31.7,0.0418756,119.777
5000,12.3,0.1016,31.7,0.0418756,107.147
1000,4.0,0.2286,55.5,0.0042862,132.134
800,9.9,0.1524,71.3,0.0193001,128.879
10000,4.8,0.0254,39.6,0.000907475,126.066
4000,17.4,0.0254,55.5,0.0165706,121.771
3150,0.0,0.1016,71.3,0.00121072,131.955
4000,12.3,0.1016,31.7,0.0418756,108.407
5000,0.0,0.3048,55.5,0.00283081,119.606
400,5.3,0.2286,39.6,0.00614329,131.221
1000,7.3,0.2286,31.7,0.0132672,119.099
2500,7.3,0.2286,31.7,0.0132672,114.709
5000,0.0,0.0508,31.7,0.000812164,133.23
800,8.4,0.0508,39.6,0.00566229,128.435
400,8.4,0.0508,31.7,0.00580776,120.076
4000,0.0,0.0254,71.3,0.000400682,138.557
16000,0.0,0.0254,55.5,0.00041229,125.683
500,4.8,0.0254,39.6,0.000907475,116.366
800,9.5,0.0254,31.7,0.00461377,130.746
2000,17.4,0.0254,39.6,0.0172206,126.644
2500,0.0,0.3048,31.7,0.00331266,120.755
630,7.2,0.1524,39.6,0.00909175,133.198
6300,7.2,0.1524,39.6,0.00909175,112.688
2000,12.6,0.1524,39.6,0.0584113,109.52
4000,0.0,0.0254,55.5,0.00041229,133.223
2000,9.5,0.0254,55.5,0.0043284,134.052
1250,22.2,0.0254,39.6,0.0229028,126.446
1600,6.7,0.1016,39.6,0.00578076,127.375
400,12.3,0.1016,55.5,0.0368233,136.414
1250,12.3,0.1016,39.6,0.0408268,121.165
12500,0.0,0.3048,39.6,0.00310138,109.619
6300,3.0,0.3048,31.7,0.00529514,109.718
1250,0.0,0.2286,71.3,0.00214345,128.144
1600,2.7,0.1524,39.6,0.00294804,130.049
3150,12.6,0.1524,39.6,0.0584113,106.26
315,22.2,0.0254,39.6,0.0229028,120.716
800,5.4,0.1524,31.7,0.00525474,131.491
1000,8.4,0.0508,31.7,0.00580776,129.516
5000,15.4,0.0508,55.5,0.0271925,117.11
5000,0.0,0.0254,71.3,0.000400682,136.837
1600,4.8,0.0254,31.7,0.000930789,128.718
2500,9.5,0.0254,71.3,0.00420654,135.956
315,17.4,0.0254,39.6,0.0172206,115.144
5000,0.0,0.1016,55.5,0.00131983,128.36
250,4.0,0.3048,39.6,0.00579636,123.543
1250,5.4,0.1524,39.6,0.00485029,127.117
1600,4.2,0.0508,71.3,0.00142788,124.318
250,12.3,0.1016,55.5,0.0368233,133.294
630,0.0,0.2286,39.6,0.00253511,128.705
8000,4.0,0.2286,39.6,0.00473801,113.129
6300,5.3,0.2286,39.6,0.00614329,112.541
1600,5.4,0.1524,55.5,0.00433288,130.567
4000,0.0,0.0508,55.5,0.00076193,134.946
6300,0.0,0.0254,39.6,0.000428464,136.826
8000,17.4,0.0254,71.3,0.016104,115.466
315,15.6,0.1016,71.3,0.0437259,133.808
1250,2.0,0.2286,71.3,0.00293031,128.816
630,4.0,0.2286,39.6,0.00473801,129.579
1600,7.3,0.2286,71.3,0.0104404,125.728
5000,9.9,0.1524,71.3,0.0193001,114.569
500,9.9,0.1524,39.6,0.0233328,126.835
1250,11.2,0.0508,71.3,0.014072,136.191
500,19.7,0.0508,39.6,0.036484,128.444
2000,0.0,0.1016,55.5,0.00131983,132.54
500,12.3,0.1016,55.5,0.0368233,133.774
500,1.5,0.3048,39.6,0.00392107,126.661
6300,7.3,0.2286,31.7,0.0132672,110.689
5000,0.0,0.1524,71.3,0.0015988,126.457
5000,12.6,0.1524,39.6,0.0584113,104.13
10000,0.0,0.0508,71.3,0.000740478,128.74
1600,8.4,0.0508,71.3,0.00529514,133.846
2000,15.4,0.0508,31.7,0.0289853,120.835
800,3.3,0.1016,31.7,0.00251435,131.362
2500,0.0,0.2286,71.3,0.00214345,128.354
1250,2.0,0.2286,55.5,0.00313525,128.762
1000,4.0,0.2286,71.3,0.00400603,131.708
800,7.3,0.2286,55.5,0.0111706,128.444
1600,0.0,0.1524,71.3,0.0015988,129.667
1000,5.4,0.1524,71.3,0.00401199,133.201
250,11.2,0.0508,39.6,0.0150478,126.43
630,12.7,0.0254,39.6,0.0130253,128.867
1000,17.4,0.0254,31.7,0.0176631,131.796
5000,0.0,0.1016,31.7,0.00150092,124.393
500,0.0,0.2286,55.5,0.00229336,123.78
250,7.3,0.2286,31.7,0.0132672,130.089
10000,0.0,0.1524,55.5,0.00172668,119.253
10000,0.0,0.1524,39.6,0.00193287,115.413
12500,2.7,0.1524,71.3,0.00243851,113.034
12500,2.7,0.1524,39.6,0.00294804,108.649
4000,5.4,0.1524,55.5,0.00433288,119.737
6300,15.4,0.0508,31.7,0.0289853,108.185
2000,9.5,0.0254,71.3,0.00420654,134.976
8000,0.0,0.1016,71.3,0.00121072,125.465
250,8.9,0.1016,71.3,0.0103088,134.533
2000,2.0,0.2286,31.7,0.00372371,123.037
250,5.3,0.2286,39.6,0.00614329,127.011
6300,2.7,0.1524,71.3,0.00243851,121.944
400,7.2,0.1524,39.6,0.00909175,132.118
10000,0.0,0.0254,71.3,0.000400682,130.787
1000,0.0,0.1016,55.5,0.00131983,129.8
1000,0.0,0.1016,39.6,0.00146332,130.781
1250,3.0,0.3048,55.5,0.00452492,127.329
10000,0.0,0.2286,71.3,0.00214345,118.134
1250,0.0,0.2286,55.5,0.00229336,127.91
2500,4.0,0.2286,31.7,0.00509068,120.209
6300,0.0,0.1524,31.7,0.00209405,119.737
3150,0.0,0.0508,55.5,0.00076193,134.826
2000,15.6,0.1016,39.6,0.0528487,110.894
1600,4.0,0.3048,39.6,0.00579636,123.213
1000,9.9,0.1524,71.3,0.0193001,126.349
500,8.4,0.0508,55.5,0.00544854,123.742
2500,4.8,0.0254,39.6,0.000907475,131.236
1000,3.3,0.1016,39.6,0.00245138,131.971
1000,2.7,0.1524,39.6,0.00294804,130.589
630,12.6,0.1524,39.6,0.0584113,116.55
1250,4.2,0.0508,39.6,0.00152689,128.427
1000,19.7,0.0508,39.6,0.036484,118.904
4000,8.9,0.1016,39.6,0.0124596,116.22
315,12.3,0.1016,55.5,0.0368233,135.674
200,0.0,0.3048,39.6,0.00310138,118.129
3150,0.0,0.3048,31.7,0.00331266,119.135
800,4.0,0.3048,39.6,0.00579636,130.723
4000,4.8,0.0254,71.3,0.000848633,134.928
400,12.7,0.0254,71.3,0.0121808,125.048
400,22.2,0.0254,71.3,0.0214178,117.927
1250,0.0,0.1016,31.7,0.00150092,133.063
10000,3.0,0.3048,71.3,0.00425727,110.224
1250,4.0,0.2286,55.5,0.0042862,131.264
2500,5.4,0.1524,55.5,0.00433288,124.077
1250,8.9,0.1016,39.6,0.0124596,127.71
2500,4.0,0.3048,71.3,0.00497773,123.775
4000,2.7,0.1524,71.3,0.00243851,126.534
4000,11.2,0.0508,71.3,0.014072,122.471
315,15.4,0.0508,71.3,0.0264269,126.195
630,22.2,0.0254,71.3,0.0214178,120.657
2000,22.2,0.0254,71.3,0.0214178,127.197
10000,0.0,0.1016,31.7,0.00150092,115.893
400,7.3,0.2286,39.6,0.0123481,132.039
1600,2.7,0.1524,71.3,0.00243851,130.644
1600,0.0,0.0508,31.7,0.000812164,131.01
5000,4.2,0.0508,71.3,0.00142788,132.828
1000,12.7,0.0254,71.3,0.0121808,131.698
3150,12.3,0.1016,55.5,0.0368233,116.914
2500,5.3,0.2286,71.3,0.0051942,123.74
4000,7.3,0.2286,71.3,0.0104404,119.208
2500,5.4,0.1524,31.7,0.00525474,119.151
2500,8.4,0.0508,39.6,0.00566229,127.465
500,17.4,0.0254,55.5,0.0165706,119.621
800,15.6,0.1016,71.3,0.0437259,124.188
500,4.0,0.3048,71.3,0.00497773,130.715
3150,2.0,0.2286,55.5,0.00313525,123.742
1600,4.0,0.2286,31.7,0.00509068,125.229
1000,0.0,0.1524,71.3,0.0015988,127.307
6300,5.4,0.1524,31.7,0.00525474,115.591
400,9.9,0.1524,55.5,0.0208438,131.605
2000,9.9,0.1524,31.7,0.0252785,116.859
2500,4.8,0.0254,31.7,0.000930789,132.588
2500,9.5,0.0254,31.7,0.00461377,130.086
630,12.7,0.0254,71.3,0.0121808,128.878
2000,12.7,0.0254,39.6,0.0130253,129.567
1250,22.2,0.0254,71.3,0.0214178,140.987
1250,12.3,0.1016,71.3,0.0337792,126.648
1250,4.0,0.3048,39.6,0.00579636,126.343
2000,2.0,0.2286,71.3,0.00293031,126.896
630,5.3,0.2286,39.6,0.00614329,132.011
4000,7.2,0.1524,39.6,0.00909175,114.258
4000,3.0,0.3048,39.6,0.00495741,116.792
6300,12.6,0.1524,39.6,0.0584113,103.38
2500,4.2,0.0508,39.6,0.00152689,133.847
4000,11.2,0.0508,39.6,0.0150478,115.52
800,15.4,0.0508,71.3,0.0264269,131.515
1600,17.4,0.0254,39.6,0.0172206,127.614
1000,12.3,0.1016,71.3,0.0337792,127.928
1600,15.6,0.1016,39.6,0.0528487,114.554
2500,7.3,0.2286,39.6,0.0123481,116.559
2000,2.7,0.1524,71.3,0.00243851,130.114
5000,8.4,0.0508,71.3,0.00529514,121.146
3150,0.0,0.0254,39.6,0.000428464,133.276
3150,4.8,0.0254,71.3,0.000848633,133.378
20000,4.8,0.0254,55.5,0.000873218,121.284
3150,6.7,0.1016,71.3,0.00478288,124.458
6300,8.9,0.1016,71.3,0.0103088,117.253
800,5.4,0.1524,55.5,0.00433288,133.097
4000,9.9,0.1524,71.3,0.0193001,115.079
2000,0.0,0.0508,71.3,0.000740478,131.06
800,0.0,0.0508,55.5,0.00076193,124.336
2500,15.4,0.0508,71.3,0.0264269,127.625
3150,9.5,0.0254,55.5,0.0043284,133.252
400,17.4,0.0254,31.7,0.0176631,120.766
800,2.0,0.2286,31.7,0.00372371,130.307
800,5.3,0.2286,71.3,0.0051942,133.48
500,12.6,0.1524,39.6,0.0584113,114.9
3150,15.4,0.0508,31.7,0.0289853,118.045
10000,3.3,0.1016,55.5,0.002211,115.659
1600,0.0,0.3048,55.5,0.00283081,126.986
500,0.0,0.3048,39.6,0.00310138,126.959
1000,1.5,0.3048,71.3,0.00336729,125.992
630,4.0,0.2286,31.7,0.00509068,130.349
10000,0.0,0.1016,55.5,0.00131983,121.93
1250,3.3,0.1016,71.3,0.00202822,132.304
315,6.7,0.1016,31.7,0.00592927,126.266
8000,1.5,0.3048,71.3,0.00336729,115.372
2500,0.0,0.2286,55.5,0.00229336,126.54
5000,2.7,0.1524,71.3,0.00243851,124.364
3150,7.2,0.1524,39.6,0.00909175,111.818
1600,8.4,0.0508,55.5,0.00544854,133.032
500,11.2,0.0508,39.6,0.0150478,131.96
2000,17.4,0.0254,71.3,0.016104,126.826
315,17.4,0.0254,31.7,0.0176631,118.416
315,4.0,0.2286,39.6,0.00473801,122.229
630,5.3,0.2286,71.3,0.0051942,131.8
500,0.0,0.1524,31.7,0.00209405,121.617
630,2.7,0.1524,71.3,0.00243851,127.404
2000,4.2,0.0508,71.3,0.00142788,129.848
4000,4.2,0.0508,71.3,0.00142788,133.598
12500,4.2,0.0508,71.3,0.00142788,117.328
200,15.4,0.0508,39.6,0.0282593,121.783
500,9.5,0.0254,39.6,0.00449821,123.894
200,17.4,0.0254,31.7,0.0176631,116.146
6300,0.0,0.1016,55.5,0.00131983,127.73
315,4.0,0.3048,39.6,0.00579636,126.843
4000,4.0,0.3048,39.6,0.00579636,115.863
500,9.9,0.1524,55.5,0.0208438,127.815
250,15.4,0.0508,55.5,0.0271925,124.17
2000,0.0,0.0254,31.7,0.000439472,130.697
1600,3.3,0.1016,71.3,0.00202822,133.664
800,3.3,0.1016,39.6,0.00245138,129.991
630,3.3,0.1016,31.7,0.00251435,128.952
5000,1.5,0.3048,39.6,0.00392107,116.241
8000,3.0,0.3048,39.6,0.00495741,110.652
630,0.0,0.1524,55.5,0.00172668,123.583
2500,3.3,0.1016,71.3,0.00202822,133.894
1600,3.0,0.3048,31.7,0.00529514,122.088
1600,2.0,0.2286,39.6,0.00346574,125.837
5000,2.7,0.1524,39.6,0.00294804,121.499
5000,7.2,0.1524,71.3,0.00752039,118.343
315,1.5,0.3048,39.6,0.00392107,121.851
630,3.0,0.3048,39.6,0.00495741,129.292
250,4.0,0.3048,71.3,0.00497773,126.395
5000,4.0,0.2286,31.7,0.00509068,115.969
800,0.0,0.1524,55.5,0.00172668,126.713
1000,5.4,0.1524,55.5,0.00433288,132.127
200,9.9,0.1524,39.6,0.0233328,127.315
1000,4.8,0.0254,39.6,0.000907475,122.956
1250,4.8,0.0254,31.7,0.000930789,127.408
315,12.7,0.0254,71.3,0.0121808,122.938
1600,12.7,0.0254,71.3,0.0121808,134.528
2500,0.0,0.1016,31.7,0.00150092,132.003
630,3.3,0.1016,39.6,0.00245138,127.251
500,12.3,0.1016,71.3,0.0337792,140.158
1600,0.0,0.3048,71.3,0.00266337,127.591
5000,3.0,0.3048,55.5,0.00452492,117.309
2500,2.0,0.2286,71.3,0.00293031,127.006
3150,0.0,0.0508,71.3,0.000740478,135.07
2500,0.0,0.0508,55.5,0.00076193,133.956
12500,4.8,0.0254,71.3,0.000848633,127.688
6300,17.4,0.0254,71.3,0.016104,119.916
1000,3.3,0.1016,71.3,0.00202822,131.434
315,12.3,0.1016,31.7,0.0418756,124.717
800,3.0,0.3048,71.3,0.00425727,129.494
5000,2.0,0.2286,31.7,0.00372371,118.267
2500,4.0,0.2286,71.3,0.00400603,124.338
6300,4.0,0.2286,71.3,0.00400603,118.618
4000,4.0,0.2286,55.5,0.0042862,120.654
1600,0.0,0.1524,55.5,0.00172668,130.183
2000,5.4,0.1524,31.7,0.00525474,122.771
5000,0.0,0.0508,39.6,0.000791822,134.308
8000,4.2,0.0508,39.6,0.00152689,120.397
315,17.4,0.0254,55.5,0.0165706,111.911
400,4.0,0.2286,39.6,0.00473801,123.879
3150,4.0,0.2286,31.7,0.00509068,120.229
2000,7.2,0.1524,71.3,0.00752039,128.643
2500,0.0,0.0254,55.5,0.00041229,130.073
630,17.4,0.0254,31.7,0.0176631,136.886
3150,0.0,0.3048,39.6,0.00310138,120.319
2000,0.0,0.3048,31.7,0.00331266,122.375
12500,1.5,0.3048,39.6,0.00392107,106.111
400,3.0,0.3048,71.3,0.00425727,127.564
3150,0.0,0.2286,31.7,0.0027238,123.445
630,2.0,0.2286,39.6,0.00346574,127.417
1600,7.2,0.1524,39.6,0.00909175,120.058
3150,0.0,0.0508,39.6,0.000791822,135.938
800,15.4,0.0508,55.5,0.0271925,130.43
4000,15.4,0.0508,55.5,0.0271925,120.92
400,15.4,0.0508,31.7,0.0289853,123.705
250,19.7,0.0508,39.6,0.036484,127.224
200,17.4,0.0254,55.5,0.0165706,109.951
1250,12.3,0.1016,31.7,0.0418756,118.767
1250,2.0,0.2286,39.6,0.00346574,128.257
500,5.4,0.1524,71.3,0.00401199,126.291
500,5.4,0.1524,31.7,0.00525474,129.681
2000,9.9,0.1524,55.5,0.0208438,119.505
5000,4.8,0.0254,39.6,0.000907475,135.426
800,0.0,0.1016,31.7,0.00150092,129.053
1250,3.0,0.3048,71.3,0.00425727,127.634
1600,3.0,0.3048,71.3,0.00425727,126.514
3150,9.5,0.0254,31.7,0.00461377,128.536
400,15.6,0.1016,71.3,0.0437259,134.058
4000,0.0,0.1524,71.3,0.0015988,128.857
5000,5.4,0.1524,31.7,0.00525474,115.691
1250,4.8,0.0254,39.6,0.000907475,125.026
200,8.9,0.1016,39.6,0.0124596,133.42
1250,15.6,0.1016,71.3,0.0437259,123.178
10000,0.0,0.3048,71.3,0.00266337,115.391
500,0.0,0.3048,31.7,0.00331266,127.315
4000,0.0,0.2286,71.3,0.00214345,125.824
10000,4.0,0.2286,71.3,0.00400603,113.108
1600,0.0,0.1524,39.6,0.00193287,131.013
500,2.7,0.1524,39.6,0.00294804,121.009
4000,9.5,0.0254,71.3,0.00420654,134.236
2500,12.7,0.0254,71.3,0.0121808,134.058
5000,12.7,0.0254,39.6,0.0130253,125.107
315,17.4,0.0254,71.3,0.016104,115.846
2000,8.9,0.1016,39.6,0.0124596,119.04
1250,1.5,0.3048,39.6,0.00392107,125.211
3150,5.3,0.2286,39.6,0.00614329,118.441
4000,12.6,0.1524,71.3,0.0483159,108.034
250,15.4,0.0508,39.6,0.0282593,122.893
16000,4.8,0.0254,71.3,0.000848633,124.208
630,15.6,0.1016,71.3,0.0437259,122.288
5000,0.0,0.3048,39.6,0.00310138,117.789
4000,1.5,0.3048,71.3,0.00336729,121.762
400,3.0,0.3048,55.5,0.00452492,126.159
400,3.0,0.3048,39.6,0.00495741,125.472
1250,2.7,0.1524,71.3,0.00243851,130.144
315,12.6,0.1524,39.6,0.0584113,116.02
500,17.4,0.0254,39.6,0.0172206,117.514
3150,0.0,0.1016,55.5,0.00131983,131.78
8000,0.0,0.1016,39.6,0.00146332,122.341
4000,4.0,0.2286,71.3,0.00400603,121.728
1000,0.0,0.1524,31.7,0.00209405,130.987
1250,7.2,0.1524,71.3,0.00752039,132.513
5000,7.2,0.1524,39.6,0.00909175,113.288
4000,12.6,0.1524,39.6,0.0584113,104.5
5000,15.4,0.0508,31.7,0.0289853,112.355
800,4.8,0.0254,31.7,0.000930789,122.648
400,12.3,0.1016,71.3,0.0337792,139.428
8000,1.5,0.3048,39.6,0.00392107,112.251
630,3.0,0.3048,71.3,0.00425727,129.354
315,5.4,0.1524,31.7,0.00525474,125.741
6300,0.0,0.0508,39.6,0.000791822,131.918
12500,0.0,0.0508,39.6,0.000791822,123.988
10000,0.0,0.0508,31.7,0.000812164,122.45
315,11.2,0.0508,39.6,0.0150478,128.99
5000,9.5,0.0254,55.5,0.0043284,128.412
5000,9.5,0.0254,39.6,0.00449821,125.044
6300,12.7,0.0254,39.6,0.0130253,123.177
1000,4.0,0.2286,39.6,0.00473801,129.969
2000,5.3,0.2286,71.3,0.0051942,125.89
3150,8.4,0.0508,55.5,0.00544854,128.402
1000,15.4,0.0508,71.3,0.0264269,131.865
400,9.5,0.0254,31.7,0.00461377,124.756
6300,9.5,0.0254,31.7,0.00461377,120.726
500,15.6,0.1016,71.3,0.0437259,130.638
315,0.0,0.3048,39.6,0.00310138,122.779
1600,5.3,0.2286,71.3,0.0051942,130.46
2500,9.9,0.1524,39.6,0.0233328,116.295
1000,8.4,0.0508,39.6,0.00566229,130.195
315,22.2,0.0254,71.3,0.0214178,115.857
500,2.0,0.2286,71.3,0.00293031,126.486
2000,2.0,0.2286,39.6,0.00346574,122.797
4000,2.0,0.2286,31.7,0.00372371,120.527
5000,5.3,0.2286,71.3,0.0051942,118.05
630,8.4,0.0508,39.6,0.00566229,126.045
2500,8.4,0.0508,31.7,0.00580776,125.576
1250,11.2,0.0508,39.6,0.0150478,130.05
1600,15.4,0.0508,55.5,0.0271925,128.2
5000,0.0,0.0254,39.6,0.000428464,136.536
5000,4.8,0.0254,31.7,0.000930789,135.248
1000,17.4,0.0254,55.5,0.0165706,126.001
6300,22.2,0.0254,71.3,0.0214178,123.127
800,0.0,0.1016,55.5,0.00131983,127.92
3150,3.3,0.1016,39.6,0.00245138,128.401
2000,12.3,0.1016,55.5,0.0368233,118.564
315,0.0,0.2286,31.7,0.0027238,120.595
8000,0.0,0.0508,31.7,0.000812164,126.59
630,8.4,0.0508,55.5,0.00544854,126.152
250,9.5,0.0254,31.7,0.00461377,120.136
800,12.3,0.1016,31.7,0.0418756,120.037
2500,2.0,0.2286,31.7,0.00372371,121.407
1250,7.3,0.2286,55.5,0.0111706,125.724
3150,8.4,0.0508,71.3,0.00529514,131.966
4000,8.4,0.0508,55.5,0.00544854,122.612
1250,0.0,0.0254,31.7,0.000439472,127.947
1250,0.0,0.1016,71.3,0.00121072,130.335
3150,0.0,0.1016,31.7,0.00150092,129.973
5000,3.3,0.1016,39.6,0.00245138,122.371
12500,0.0,0.3048,71.3,0.00266337,112.241
4000,7.3,0.2286,55.5,0.0111706,117.284
800,0.0,0.1524,71.3,0.0015988,125.817
4000,2.7,0.1524,39.6,0.00294804,121.889
2000,0.0,0.0508,55.5,0.00076193,131.456
5000,8.4,0.0508,55.5,0.00544854,115.812
1000,0.0,0.3048,55.5,0.00283081,126.966
2500,4.0,0.3048,39.6,0.00579636,120.233
250,12.6,0.1524,71.3,0.0483159,129.744
2000,0.0,0.0508,39.6,0.000791822,132.918
400,19.7,0.0508,39.6,0.036484,130.614
16000,4.8,0.0254,55.5,0.000873218,124.394
2000,17.4,0.0254,55.5,0.0165706,125.261
3150,17.4,0.0254,55.5,0.0165706,124.101
1600,3.3,0.1016,31.7,0.00251435,133.402
630,6.7,0.1016,31.7,0.00592927,132.116
2500,2.7,0.1524,71.3,0.00243851,128.334
3150,5.4,0.1524,39.6,0.00485029,119.137
3150,8.4,0.0508,39.6,0.00566229,123.965
3150,0.0,0.0254,31.7,0.000439472,135.227
6300,0.0,0.0254,31.7,0.000439472,138.537
10000,4.0,0.3048,71.3,0.00497773,110.905
12500,0.0,0.1524,71.3,0.0015988,117.087
6300,12.6,0.1524,71.3,0.0483159,107.284
1600,0.0,0.0508,39.6,0.000791822,130.908
6300,0.0,0.0508,31.7,0.000812164,130.34
315,11.2,0.0508,71.3,0.014072,128.381
630,15.4,0.0508,55.5,0.0271925,129.33
10000,0.0,0.1016,39.6,0.00146332,119.561
800,6.7,0.1016,39.6,0.00578076,134.625
2000,6.7,0.1016,39.6,0.00578076,122.235
200,12.3,0.1016,39.6,0.0408268,128.545
4000,3.0,0.3048,71.3,0.00425727,120.264
5000,0.0,0.2286,55.5,0.00229336,122.41
4000,2.0,0.2286,39.6,0.00346574,120.227
1000,5.4,0.1524,31.7,0.00525474,128.241
800,9.9,0.1524,31.7,0.0252785,125.539
1600,19.7,0.0508,39.6,0.036484,117.604
630,4.8,0.0254,31.7,0.000930789,120.078
500,9.5,0.0254,55.5,0.0043284,123.082
2500,22.2,0.0254,71.3,0.0214178,126.097
12500,0.0,0.1016,55.5,0.00131983,119.91
800,12.3,0.1016,55.5,0.0368233,125.114
200,0.0,0.3048,31.7,0.00331266,117.195
500,3.0,0.3048,31.7,0.00529514,127.548
2000,4.0,0.3048,39.6,0.00579636,120.963
2500,2.0,0.2286,55.5,0.00313525,123.862
6300,5.3,0.2286,71.3,0.0051942,116.92
3150,7.2,0.1524,71.3,0.00752039,116.783
315,12.6,0.1524,71.3,0.0483159,128.484
4000,15.4,0.0508,39.6,0.0282593,118.113
4000,19.7,0.0508,39.6,0.036484,108.684
8000,0.0,0.0254,71.3,0.000400682,129.867
200,17.4,0.0254,71.3,0.016104,112.506
3150,8.9,0.1016,39.6,0.0124596,119.35
3150,0.0,0.2286,55.5,0.00229336,125.16
1250,4.0,0.2286,71.3,0.00400603,131.718
2000,9.9,0.1524,39.6,0.0233328,117.925
4000,9.5,0.0254,39.6,0.00449821,127.864
400,12.7,0.0254,39.6,0.0130253,125.527
2000,0.0,0.1016,39.6,0.00146332,133.251
8000,3.3,0.1016,55.5,0.002211,120.569
400,6.7,0.1016,39.6,0.00578076,128.295
2500,12.3,0.1016,55.5,0.0368233,117.054
400,12.3,0.1016,39.6,0.0408268,128.265
4000,0.0,0.2286,39.6,0.00253511,123.465
5000,0.0,0.2286,31.7,0.0027238,120.505
1000,7.3,0.2286,55.5,0.0111706,125.194
1000,11.2,0.0508,71.3,0.014072,136.941
1250,15.4,0.0508,71.3,0.0264269,130.845
2500,0.0,0.1016,71.3,0.00121072,132.595
800,3.3,0.1016,55.5,0.002211,129.119
2500,3.0,0.3048,71.3,0.00425727,124.024
500,0.0,0.2286,31.7,0.0027238,126.675
500,5.4,0.1524,55.5,0.00433288,129.367
315,15.4,0.0508,31.7,0.0289853,122.845
2000,0.0,0.0254,39.6,0.000428464,130.026
1600,4.8,0.0254,55.5,0.000873218,121.474
10000,3.3,0.1016,71.3,0.00202822,116.694
1600,3.3,0.1016,39.6,0.00245138,133.071
315,15.6,0.1016,39.6,0.0528487,122.754
5000,15.6,0.1016,39.6,0.0528487,106.224
800,0.0,0.3048,39.6,0.00310138,129.099
8000,3.0,0.3048,71.3,0.00425727,114.634
500,2.0,0.2286,31.7,0.00372371,126.677
250,4.0,0.2286,31.7,0.00509068,120.189
1600,9.9,0.1524,55.5,0.0208438,119.875
400,9.9,0.1524,39.6,0.0233328,128.345
2500,3.3,0.1016,55.5,0.002211,132.889
1250,3.3,0.1016,31.7,0.00251435,134.022
1000,12.3,0.1016,39.6,0.0408268,122.435
3150,3.0,0.3048,31.7,0.00529514,118.108
500,5.4,0.1524,39.6,0.00485029,129.937
8000,15.4,0.0508,71.3,0.0264269,112.675
1600,0.0,0.1016,31.7,0.00150092,133.553
1000,8.9,0.1016,39.6,0.0124596,129.58
2500,3.0,0.3048,55.5,0.00452492,122.439
315,7.3,0.2286,55.5,0.0111706,136.284
12500,0.0,0.1524,55.5,0.00172668,117.093
2000,0.0,0.1524,39.6,0.00193287,129.633
2000,5.4,0.1524,55.5,0.00433288,128.707
1250,7.2,0.1524,39.6,0.00909175,122.428
1600,12.6,0.1524,39.6,0.0584113,110.78
1250,9.5,0.0254,31.7,0.00461377,131.446
6300,0.0,0.1016,39.6,0.00146332,125.631
630,2.7,0.1524,39.6,0.00294804,125.809
400,9.9,0.1524,71.3,0.0193001,135.079
3150,19.7,0.0508,39.6,0.036484,113.004
630,4.8,0.0254,39.6,0.000907475,118.696
800,12.7,0.0254,39.6,0.0130253,130.217
3150,17.4,0.0254,71.3,0.016104,126.536
1600,17.4,0.0254,55.5,0.0165706,126.471
1000,6.7,0.1016,39.6,0.00578076,134.515
4000,15.6,0.1016,39.6,0.0528487,106.604
1000,5.4,0.1524,39.6,0.00485029,130.507
6300,7.2,0.1524,71.3,0.00752039,116.603
4000,17.4,0.0254,71.3,0.016104,125.586
4000,3.3,0.1016,55.5,0.002211,127.229
1250,6.7,0.1016,39.6,0.00578076,132.395
500,0.0,0.1524,55.5,0.00172668,120.573
6300,5.4,0.1524,55.5,0.00433288,117.287
10000,0.0,0.0254,31.7,0.000439472,134.227
800,0.0,0.3048,31.7,0.00331266,129.235
3150,5.3,0.2286,71.3,0.0051942,123.12
6300,9.9,0.1524,31.7,0.0252785,108.689
1000,0.0,0.0508,31.7,0.000812164,126.78
4000,0.0,0.0254,39.6,0.000428464,135.346
1000,15.6,0.1016,71.3,0.0437259,124.438
4000,0.0,0.3048,71.3,0.00266337,123.061
800,5.3,0.2286,39.6,0.00614329,129.491
200,7.3,0.2286,71.3,0.0104404,138.758
6300,4.2,0.0508,39.6,0.00152689,125.717
1600,0.0,0.0254,31.7,0.000439472,129.267
630,9.5,0.0254,71.3,0.00420654,125.726
5000,3.3,0.1016,31.7,0.00251435,122.082
630,12.3,0.1016,39.6,0.0408268,121.315
500,15.6,0.1016,39.6,0.0528487,115.304
1000,0.0,0.2286,31.7,0.0027238,130.595
630,5.4,0.1524,71.3,0.00401199,128.971
2500,9.9,0.1524,71.3,0.0193001,119.639
10000,0.0,0.0508,39.6,0.000791822,125.998
2000,6.7,0.1016,71.3,0.00478288,134.568
200,8.9,0.1016,71.3,0.0103088,133.503
4000,12.3,0.1016,55.5,0.0368233,114.404
3150,12.3,0.1016,39.6,0.0408268,113.055
250,0.0,0.3048,31.7,0.00331266,118.595
400,0.0,0.2286,39.6,0.00253511,123.565
1250,0.0,0.2286,39.6,0.00253511,129.395
20000,4.0,0.2286,71.3,0.00400603,109.638
630,7.3,0.2286,71.3,0.0104404,133.768
2000,7.3,0.2286,39.6,0.0123481,117.809
315,9.9,0.1524,71.3,0.0193001,135.459
2000,3.0,0.3048,39.6,0.00495741,120.532
1250,3.0,0.3048,31.7,0.00529514,124.838
400,5.4,0.1524,39.6,0.00485029,127.637
1600,12.6,0.1524,71.3,0.0483159,120.534
12500,0.0,0.0508,55.5,0.00076193,125.376
315,19.7,0.0508,39.6,0.036484,129.864
250,17.4,0.0254,39.6,0.0172206,114.714
315,3.0,0.3048,39.6,0.00495741,123.312
4000,5.3,0.2286,71.3,0.0051942,120.33
8000,5.3,0.2286,71.3,0.0051942,114.9
400,12.6,0.1524,71.3,0.0483159,127.094
315,15.4,0.0508,39.6,0.0282593,124.493
630,15.4,0.0508,39.6,0.0282593,127.443
630,15.4,0.0508,31.7,0.0289853,124.685
2000,4.8,0.0254,71.3,0.000848633,128.398
5000,0.0,0.1016,39.6,0.00146332,126.021
400,8.9,0.1016,71.3,0.0103088,138.123
1600,8.9,0.1016,39.6,0.0124596,123.82
800,7.3,0.2286,31.7,0.0132672,123.209
1600,8.4,0.0508,39.6,0.00566229,130.965
1600,9.5,0.0254,71.3,0.00420654,133.756
1000,22.2,0.0254,71.3,0.0214178,134.247
8000,3.3,0.1016,31.7,0.00251435,117.432
10000,0.0,0.3048,39.6,0.00310138,112.139
6300,3.0,0.3048,55.5,0.00452492,115.679
1000,3.0,0.3048,31.7,0.00529514,126.838
400,2.0,0.2286,55.5,0.00313525,122.292
800,7.3,0.2286,71.3,0.0104404,130.748
4000,9.9,0.1524,39.6,0.0233328,112.265
2000,19.7,0.0508,39.6,0.036484,117.724
6300,3.3,0.1016,55.5,0.002211,123.839
3150,3.3,0.1016,31.7,0.00251435,128.252
5000,5.3,0.2286,39.6,0.00614329,115.311
8000,2.7,0.1524,39.6,0.00294804,116.659
400,8.4,0.0508,55.5,0.00544854,121.582
20000,4.8,0.0254,71.3,0.000848633,119.708
2500,22.2,0.0254,39.6,0.0229028,121.306
630,3.0,0.3048,55.5,0.00452492,129.569
1250,3.0,0.3048,39.6,0.00495741,125.802
630,0.0,0.2286,55.5,0.00229336,126.16
630,2.0,0.2286,71.3,0.00293031,127.356
500,7.3,0.2286,31.7,0.0132672,128.169
1250,0.0,0.1524,55.5,0.00172668,129.953
1600,0.0,0.0508,71.3,0.000740478,129.68
1250,8.4,0.0508,71.3,0.00529514,132.086
1600,0.0,0.2286,71.3,0.00214345,129.134
800,7.3,0.2286,39.6,0.0123481,126.299
1250,7.3,0.2286,31.7,0.0132672,120.509
3150,8.4,0.0508,31.7,0.00580776,122.086
3150,19.7,0.0508,71.3,0.0341183,116.225
2000,4.8,0.0254,39.6,0.000907475,128.916
1000,4.8,0.0254,31.7,0.000930789,125.348
4000,12.7,0.0254,39.6,0.0130253,126.537
2500,12.3,0.1016,39.6,0.0408268,113.315
1250,15.4,0.0508,55.5,0.0271925,130.0
800,15.4,0.0508,31.7,0.0289853,125.555
6300,4.8,0.0254,55.5,0.000873218,135.164
2500,9.5,0.0254,39.6,0.00449821,131.234
2500,12.7,0.0254,39.6,0.0130253,129.027
2000,17.4,0.0254,31.7,0.0176631,124.356
1250,6.7,0.1016,31.7,0.00592927,129.256
3150,0.0,0.3048,71.3,0.00266337,125.201
8000,0.0,0.3048,39.6,0.00310138,114.779
3150,4.0,0.3048,71.3,0.00497773,121.775
5000,0.0,0.2286,39.6,0.00253511,122.175
200,12.6,0.1524,71.3,0.0483159,128.354
800,17.4,0.0254,71.3,0.016104,124.276
4000,17.4,0.0254,39.6,0.0172206,122.724
315,7.3,0.2286,31.7,0.0132672,130.239
2000,0.0,0.1524,31.7,0.00209405,128.907
1000,9.9,0.1524,55.5,0.0208438,124.665
200,11.2,0.0508,39.6,0.0150478,125.01
1000,15.4,0.0508,39.6,0.0282593,127.893
400,0.0,0.3048,31.7,0.00331266,125.045
3150,2.7,0.1524,71.3,0.00243851,127.054
5000,4.2,0.0508,39.6,0.00152689,129.777
1600,6.7,0.1016,55.5,0.0052139,133.653
500,8.9,0.1016,71.3,0.0103088,138.523
1600,8.9,0.1016,71.3,0.0103088,128.763
3150,3.0,0.3048,71.3,0.00425727,121.514
4000,0.0,0.2286,55.5,0.00229336,123.41
2500,7.3,0.2286,71.3,0.0104404,122.088
4000,5.4,0.1524,71.3,0.00401199,121.431
1600,15.4,0.0508,31.7,0.0289853,121.485
630,17.4,0.0254,71.3,0.016104,122.606
1250,17.4,0.0254,55.5,0.0165706,129.301
630,0.0,0.1016,55.5,0.00131983,126.17
10000,0.0,0.3048,55.5,0.00283081,113.076
1250,2.0,0.2286,31.7,0.00372371,128.677
1600,2.0,0.2286,31.7,0.00372371,125.797
400,7.3,0.2286,71.3,0.0104404,139.438
2000,0.0,0.1524,55.5,0.00172668,129.673
200,9.5,0.0254,31.7,0.00461377,119.146
5000,12.7,0.0254,71.3,0.0121808,128.978
5000,17.4,0.0254,39.6,0.0172206,119.854
2000,3.3,0.1016,39.6,0.00245138,132.301
4000,4.0,0.3048,71.3,0.00497773,119.535
6300,2.0,0.2286,71.3,0.00293031,120.786
800,0.0,0.1524,31.7,0.00209405,129.117
1600,15.4,0.0508,71.3,0.0264269,130.065
2500,15.4,0.0508,39.6,0.0282593,122.413
500,15.4,0.0508,31.7,0.0289853,123.695
630,17.4,0.0254,55.5,0.0165706,122.411
2000,12.3,0.1016,31.7,0.0418756,110.447
630,7.3,0.2286,55.5,0.0111706,130.934
3150,12.6,0.1524,71.3,0.0483159,113.334
1000,0.0,0.0508,71.3,0.000740478,129.45
6300,15.4,0.0508,55.5,0.0271925,112.93
800,19.7,0.0508,71.3,0.0341183,124.555
630,6.7,0.1016,55.5,0.0052139,133.023
2000,6.7,0.1016,31.7,0.00592927,120.446
250,12.3,0.1016,39.6,0.0408268,129.675
315,2.0,0.2286,39.6,0.00346574,120.137
400,5.3,0.2286,71.3,0.0051942,127.7
500,7.3,0.2286,55.5,0.0111706,133.174
800,7.2,0.1524,39.6,0.00909175,132.358
1250,0.0,0.0508,39.6,0.000791822,129.148
800,11.2,0.0508,39.6,0.0150478,133.79
800,4.8,0.0254,39.6,0.000907475,120.766
6300,4.8,0.0254,31.7,0.000930789,132.898
250,15.6,0.1016,39.6,0.0528487,124.644
800,1.5,0.3048,71.3,0.00336729,127.122
4000,2.0,0.2286,71.3,0.00293031,124.086
630,5.4,0.1524,39.6,0.00485029,132.357
1000,7.2,0.1524,71.3,0.00752039,134.273
8000,0.0,0.0508,55.5,0.00076193,130.156
3150,4.2,0.0508,71.3,0.00142788,133.728
2500,11.2,0.0508,71.3,0.014072,130.541
200,19.7,0.0508,39.6,0.036484,125.974
12500,0.0,0.0254,71.3,0.000400682,133.207
12500,0.0,0.0254,31.7,0.000439472,128.977
2500,0.0,0.1016,55.5,0.00131983,133.04
800,8.9,0.1016,71.3,0.0103088,137.813
630,12.3,0.1016,55.5,0.0368233,124.244
2000,3.0,0.3048,31.7,0.00529514,120.088
6300,0.0,0.2286,71.3,0.00214345,122.044
630,2.0,0.2286,31.7,0.00372371,129.057
315,7.2,0.1524,39.6,0.00909175,130.558
250,11.2,0.0508,71.3,0.014072,127.101
1000,19.7,0.0508,71.3,0.0341183,121.885
1250,19.7,0.0508,39.6,0.036484,118.634
500,22.2,0.0254,39.6,0.0229028,129.776
4000,0.0,0.3048,39.6,0.00310138,119.229
16000,2.7,0.1524,71.3,0.00243851,110.364
10000,7.2,0.1524,71.3,0.00752039,110.313
3150,15.4,0.0508,55.5,0.0271925,123.46
800,17.4,0.0254,55.5,0.0165706,123.091
3150,3.3,0.1016,55.5,0.002211,130.629
800,3.0,0.3048,31.7,0.00529514,128.708
630,11.2,0.0508,71.3,0.014072,133.611
6300,0.0,0.3048,31.7,0.00331266,113.775
2000,4.0,0.2286,55.5,0.0042862,124.254
3150,2.7,0.1524,39.6,0.00294804,122.919
1250,8.4,0.0508,39.6,0.00566229,131.205
6300,3.3,0.1016,71.3,0.00202822,124.904
315,0.0,0.2286,55.5,0.00229336,119.54
1000,2.0,0.2286,55.5,0.00313525,129.002
315,2.0,0.2286,31.7,0.00372371,120.147
2000,7.3,0.2286,55.5,0.0111706,120.354
4000,5.4,0.1524,39.6,0.00485029,117.137
5000,9.5,0.0254,71.3,0.00420654,131.186
800,22.2,0.0254,39.6,0.0229028,137.076
800,3.0,0.3048,55.5,0.00452492,129.949
630,4.0,0.2286,55.5,0.0042862,129.964
1000,9.9,0.1524,31.7,0.0252785,122.149
4000,8.4,0.0508,31.7,0.00580776,118.106
3150,11.2,0.0508,39.6,0.0150478,119.67
200,12.3,0.1016,71.3,0.0337792,130.588
400,15.6,0.1016,39.6,0.0528487,120.484
6300,2.0,0.2286,31.7,0.00372371,115.137
400,5.4,0.1524,71.3,0.00401199,124.121
800,9.9,0.1524,55.5,0.0208438,126.565
250,15.4,0.0508,71.3,0.0264269,124.835
2500,19.7,0.0508,39.6,0.036484,116.184
400,6.7,0.1016,31.7,0.00592927,128.296
200,12.6,0.1524,39.6,0.0584113,114.75
8000,12.7,0.0254,71.3,0.0121808,120.538
4000,3.3,0.1016,39.6,0.00245138,124.881
2000,6.7,0.1016,55.5,0.0052139,129.653
5000,8.9,0.1016,71.3,0.0103088,116.723
3150,2.0,0.2286,71.3,0.00293031,126.116
315,7.2,0.1524,71.3,0.00752039,128.713
250,7.2,0.1524,39.6,0.00909175,127.488
4000,0.0,0.1016,71.3,0.00121072,130.935
250,12.3,0.1016,71.3,0.0337792,131.568
20000,0.0,0.2286,71.3,0.00214345,114.474
400,2.0,0.2286,31.7,0.00372371,123.417
5000,7.3,0.2286,55.5,0.0111706,113.144
200,7.3,0.2286,39.6,0.0123481,130.989
8000,0.0,0.1524,71.3,0.0015988,122.527
500,8.4,0.0508,31.7,0.00580776,122.966
2000,3.3,0.1016,55.5,0.002211,133.649
630,0.0,0.3048,55.5,0.00283081,127.696
3150,4.0,0.2286,39.6,0.00473801,120.419
3150,7.3,0.2286,31.7,0.0132672,113.229
1600,9.9,0.1524,71.3,0.0193001,121.789
3150,15.4,0.0508,71.3,0.0264269,125.715
1250,17.4,0.0254,31.7,0.0176631,128.306
2500,6.7,0.1016,55.5,0.0052139,124.273
2000,0.0,0.3048,71.3,0.00266337,127.461
8000,0.0,0.3048,55.5,0.00283081,116.476
1600,2.0,0.2286,55.5,0.00313525,126.752
315,7.3,0.2286,39.6,0.0123481,132.149
5000,0.0,0.1524,55.5,0.00172668,125.203
5000,0.0,0.1524,39.6,0.00193287,123.453
2000,8.4,0.0508,31.7,0.00580776,127.686
8000,0.0,0.0254,31.7,0.000439472,137.207
1600,17.4,0.0254,71.3,0.016104,126.406
6300,17.4,0.0254,55.5,0.0165706,114.861
630,17.4,0.0254,39.6,0.0172206,124.514
1250,3.3,0.1016,39.6,0.00245138,133.211
6300,8.9,0.1016,39.6,0.0124596,113.11
1600,12.3,0.1016,31.7,0.0418756,114.477
400,1.5,0.3048,39.6,0.00392107,124.001
400,0.0,0.2286,55.5,0.00229336,121.66
500,4.0,0.2286,31.7,0.00509068,128.939
8000,0.0,0.1524,55.5,0.00172668,121.903
800,0.0,0.1524,39.6,0.00193287,127.903
1600,8.4,0.0508,31.7,0.00580776,129.296
500,4.8,0.0254,31.7,0.000930789,116.128
3150,9.5,0.0254,71.3,0.00420654,136.166
8000,12.7,0.0254,39.6,0.0130253,120.607
1600,0.0,0.2286,55.5,0.00229336,126.79
250,7.3,0.2286,71.3,0.0104404,139.918
800,2.7,0.1524,71.3,0.00243851,127.394
8000,7.2,0.1524,71.3,0.00752039,113.333
2500,15.4,0.0508,55.5,0.0271925,125.63
200,19.7,0.0508,71.3,0.0341183,118.005
3150,4.8,0.0254,31.7,0.000930789,134.268
630,9.5,0.0254,55.5,0.0043284,125.452
500,12.7,0.0254,71.3,0.0121808,126.898
2000,22.2,0.0254,39.6,0.0229028,121.256
6300,0.0,0.1016,31.7,0.00150092,124.253
1250,0.0,0.3048,31.7,0.00331266,124.355
2000,4.0,0.2286,71.3,0.00400603,126.218
2000,5.3,0.2286,39.6,0.00614329,117.911
800,7.2,0.1524,71.3,0.00752039,136.023
400,22.2,0.0254,39.6,0.0229028,123.416
1250,0.0,0.1016,39.6,0.00146332,132.271
800,6.7,0.1016,55.5,0.0052139,135.953
630,8.9,0.1016,71.3,0.0103088,138.423
12500,0.0,0.3048,55.5,0.00283081,111.076
1250,0.0,0.3048,39.6,0.00310138,125.499
2000,3.0,0.3048,71.3,0.00425727,125.524
1000,3.0,0.3048,39.6,0.00495741,128.312
1600,4.0,0.3048,71.3,0.00497773,126.645
10000,2.7,0.1524,39.6,0.00294804,112.589
6300,5.4,0.1524,39.6,0.00485029,116.677
2500,9.9,0.1524,31.7,0.0252785,114.729
500,15.4,0.0508,71.3,0.0264269,127.285
200,22.2,0.0254,39.6,0.0229028,116.066
1000,0.0,0.3048,39.6,0.00310138,127.899
6300,7.3,0.2286,55.5,0.0111706,111.534
400,5.4,0.1524,55.5,0.00433288,126.807
3150,0.0,0.1016,39.6,0.00146332,130.961
6300,12.3,0.1016,31.7,0.0418756,107.267
4000,2.0,0.2286,55.5,0.00313525,122.232
1600,11.2,0.0508,71.3,0.014072,135.191
5000,9.5,0.0254,31.7,0.00461377,124.426
2500,0.0,0.1016,39.6,0.00146332,132.611
1600,5.3,0.2286,39.6,0.00614329,123.081
10000,0.0,0.1524,71.3,0.0015988,120.247
3150,9.9,0.1524,55.5,0.0208438,115.085
630,11.2,0.0508,39.6,0.0150478,133.13
10000,4.8,0.0254,55.5,0.000873218,126.944
500,6.7,0.1016,31.7,0.00592927,130.206
3150,12.3,0.1016,71.3,0.0337792,120.798
8000,0.0,0.3048,71.3,0.00266337,117.151
2500,2.7,0.1524,39.6,0.00294804,125.589
315,5.4,0.1524,39.6,0.00485029,125.347
800,9.9,0.1524,39.6,0.0233328,126.345
1250,12.6,0.1524,71.3,0.0483159,120.154
4000,0.0,0.0254,31.7,0.000439472,137.047
2000,12.7,0.0254,71.3,0.0121808,134.228
1000,3.3,0.1016,55.5,0.002211,131.129
2500,8.9,0.1016,71.3,0.0103088,123.623
8000,0.0,0.2286,71.3,0.00214345,118.024
200,15.4,0.0508,55.5,0.0271925,122.94
10000,0.0,0.0254,39.6,0.000428464,133.376
2500,0.0,0.0254,31.7,0.000439472,132.897
2500,4.8,0.0254,71.3,0.000848633,130.828
800,9.5,0.0254,71.3,0.00420654,127.206
500,8.9,0.1016,39.6,0.0124596,133.79
2500,3.0,0.3048,39.6,0.00495741,120.162
12500,4.0,0.2286,71.3,0.00400603,114.258
500,7.3,0.2286,39.6,0.0123481,130.299
4000,0.0,0.0508,39.6,0.000791822,135.308
1250,8.4,0.0508,31.7,0.00580776,130.156
2500,19.7,0.0508,71.3,0.0341183,118.385
2000,4.8,0.0254,55.5,0.000873218,125.054
200,12.3,0.1016,55.5,0.0368233,132.304
3150,1.5,0.3048,39.6,0.00392107,119.111
6300,2.0,0.2286,39.6,0.00346574,116.417
2500,7.3,0.2286,55.5,0.0111706,118.994
1000,15.4,0.0508,55.5,0.0271925,130.4
1000,7.3,0.2286,71.3,0.0104404,126.838
8000,0.0,0.1524,31.7,0.00209405,117.957
4000,7.2,0.1524,71.3,0.00752039,119.343
630,8.4,0.0508,31.7,0.00580776,125.856
400,17.4,0.0254,71.3,0.016104,117.396
630,1.5,0.3048,39.6,0.00392107,128.311
1000,1.5,0.3048,39.6,0.00392107,127.581
1000,2.0,0.2286,31.7,0.00372371,130.307
6300,5.4,0.1524,71.3,0.00401199,116.411
4000,19.7,0.0508,71.3,0.0341183,113.045
3150,4.0,0.2286,71.3,0.00400603,124.108
2500,12.6,0.1524,71.3,0.0483159,115.234
1000,0.0,0.0508,55.5,0.00076193,125.586
2000,15.4,0.0508,39.6,0.0282593,123.443
6300,0.0,0.0254,55.5,0.00041229,136.103
3150,12.7,0.0254,39.6,0.0130253,127.847
2500,12.3,0.1016,31.7,0.0418756,110.317
10000,2.0,0.2286,71.3,0.00293031,113.086
3150,2.0,0.2286,39.6,0.00346574,121.627
6300,4.0,0.2286,39.6,0.00473801,114.249
2000,4.0,0.2286,31.7,0.00509068,122.089
6300,0.0,0.1524,39.6,0.00193287,121.313
8000,4.8,0.0254,71.3,0.000848633,131.518
800,12.7,0.0254,71.3,0.0121808,130.348
5000,17.4,0.0254,55.5,0.0165706,118.941
5000,1.5,0.3048,71.3,0.00336729,119.632
1000,2.0,0.2286,39.6,0.00346574,129.147
8000,4.0,0.2286,55.5,0.0042862,112.524
500,0.0,0.1524,39.6,0.00193287,119.513
400,7.2,0.1524,71.3,0.00752039,130.123
250,12.6,0.1524,39.6,0.0584113,115.89
8000,0.0,0.0508,39.6,0.000791822,128.518
2000,4.2,0.0508,39.6,0.00152689,132.587
315,9.5,0.0254,39.6,0.00449821,119.294
1250,17.4,0.0254,39.6,0.0172206,131.364
2000,1.5,0.3048,39.6,0.00392107,122.101
400,0.0,0.2286,31.7,0.0027238,123.635
400,2.0,0.2286,71.3,0.00293031,125.116
630,9.9,0.1524,31.7,0.0252785,126.049
200,17.4,0.0254,39.6,0.0172206,114.044
5000,4.0,0.3048,71.3,0.00497773,117.785
5000,4.0,0.2286,71.3,0.00400603,121.118
1250,0.0,0.1524,71.3,0.0015988,128.927
1000,4.2,0.0508,39.6,0.00152689,125.647
2500,0.0,0.0254,71.3,0.000400682,133.707
5000,12.3,0.1016,39.6,0.0408268,108.625
5000,2.0,0.2286,55.5,0.00313525,120.472
800,4.0,0.2286,55.5,0.0042862,131.864
3150,0.0,0.1524,55.5,0.00172668,127.753
5000,9.9,0.1524,55.5,0.0208438,112.065
1250,9.9,0.1524,39.6,0.0233328,120.555
3150,0.0,0.0508,31.7,0.000812164,135.49
630,0.0,0.1016,71.3,0.00121072,124.155
5000,12.3,0.1016,55.5,0.0368233,112.014
6300,2.0,0.2286,55.5,0.00313525,118.712
1250,5.3,0.2286,39.6,0.00614329,125.721
10000,4.2,0.0508,39.6,0.00152689,116.967
250,9.5,0.0254,39.6,0.00449821,116.924
2500,17.4,0.0254,71.3,0.016104,126.746
630,22.2,0.0254,39.6,0.0229028,137.026
1000,0.0,0.1016,71.3,0.00121072,128.825
8000,0.0,0.1016,55.5,0.00131983,124.45
2500,8.9,0.1016,39.6,0.0124596,119.19
2500,0.0,0.3048,39.6,0.00310138,121.399
2000,3.0,0.3048,55.5,0.00452492,123.069
5000,4.0,0.3048,39.6,0.00579636,113.733
16000,0.0,0.2286,71.3,0.00214345,114.984
2500,7.2,0.1524,39.6,0.00909175,117.478
12500,0.0,0.0508,71.3,0.000740478,125.22
12500,4.8,0.0254,55.5,0.000873218,125.094
4000,4.8,0.0254,31.7,0.000930789,135.328
1600,9.5,0.0254,31.7,0.00461377,131.036
315,12.7,0.0254,39.6,0.0130253,123.537
6300,0.0,0.1016,71.3,0.00121072,129.395
630,12.3,0.1016,71.3,0.0337792,135.368
1600,2.0,0.2286,71.3,0.00293031,127.796
3150,7.3,0.2286,55.5,0.0111706,117.134
2000,0.0,0.1524,71.3,0.0015988,128.647
5000,5.4,0.1524,71.3,0.00401199,120.061
10000,0.0,0.0508,55.5,0.00076193,127.636
2500,17.4,0.0254,31.7,0.0176631,124.166
5000,17.4,0.0254,31.7,0.0176631,117.996
250,22.2,0.0254,39.6,0.0229028,117.386
1600,4.0,0.2286,39.6,0.00473801,125.319
250,9.9,0.1524,39.6,0.0233328,128.335
630,0.0,0.1016,39.6,0.00146332,125.401
4000,0.0,0.1016,31.7,0.00150092,126.933
2500,0.0,0.3048,55.5,0.00283081,124.106
1600,1.5,0.3048,39.6,0.00392107,122.211
3150,0.0,0.2286,39.6,0.00253511,124.625
1250,0.0,0.1524,39.6,0.00193287,131.023
250,9.9,0.1524,55.5,0.0208438,133.235
315,9.9,0.1524,55.5,0.0208438,132.355
4000,15.4,0.0508,71.3,0.0264269,122.675
10000,4.8,0.0254,71.3,0.000848633,127.398
500,15.4,0.0508,39.6,0.0282593,125.963
