Frequency,AngleOfAttack,ChordLength,FreeStreamVelocity,SuctionSideDisplacement,SoundLevelDecibels,features,scaledFeatures,prediction
200,7.3,0.2286,31.7,0.0132672,128.679,"[200.0,7.3,0.2286,31.7,0.0132672]","[0.0635923949967424,1.231885310152404,2.446792848231497,2.0324732365928413,1.0126037960587169]",122.59722914376778
200,8.9,0.1016,39.6,0.0124596,133.42,"[200.0,8.9,0.1016,39.6,0.0124596]","[0.0635923949967424,1.501887569911835,1.0874634881028875,2.5389886488667672,0.9509646539867633]",127.37968204568838
200,9.5,0.0254,31.7,0.00461377,119.146,"[200.0,9.5,0.0254,31.7,0.00461377]","[0.0635923949967424,1.6031384173216217,0.2718658720257219,2.0324732365928413,0.35214069405314047]",130.34077425074506
200,9.5,0.0254,39.6,0.00449821,116.074,"[200.0,9.5,0.0254,39.6,0.00449821]","[0.0635923949967424,1.6031384173216217,0.2718658720257219,2.5389886488667672,0.3433207098309576]",131.11016975113537
200,9.9,0.1524,71.3,0.0193001,134.319,"[200.0,9.9,0.1524,71.3,0.0193001]","[0.0635923949967424,1.6706389822614796,1.6311952321543313,4.571461885459608,1.473057956789137]",127.12627360125096
200,11.2,0.0508,39.6,0.0150478,125.01,"[200.0,11.2,0.0508,39.6,0.0150478]","[0.0635923949967424,1.890015818316017,0.5437317440514438,2.5389886488667672,1.148506045158915]",127.89456373905155
200,11.2,0.0508,71.3,0.014072,125.941,"[200.0,11.2,0.0508,71.3,0.014072]","[0.0635923949967424,1.890015818316017,0.5437317440514438,4.571461885459608,1.074029231347855]",131.06220981224084
200,12.3,0.1016,71.3,0.0337792,130.588,"[200.0,12.3,0.1016,71.3,0.0337792]","[0.0635923949967424,2.075642371900626,1.0874634881028875,4.571461885459608,2.5781586278812867]",125.73739953848445
200,12.6,0.1524,71.3,0.0483159,128.354,"[200.0,12.6,0.1524,71.3,0.0483159]","[0.0635923949967424,2.126267795605519,1.6311952321543313,4.571461885459608,3.687655552791347]",121.53249832197925
200,15.4,0.0508,39.6,0.0282593,121.783,"[200.0,15.4,0.0508,39.6,0.0282593]","[0.0635923949967424,2.5987717501845236,0.5437317440514438,2.5389886488667672,2.156858602716632]",124.20059665619313
200,15.4,0.0508,55.5,0.0271925,122.94,"[200.0,15.4,0.0508,55.5,0.0271925]","[0.0635923949967424,2.5987717501845236,0.5437317440514438,3.5584310609117566,2.075436318464081]",125.87997778533571
200,17.4,0.0254,31.7,0.0176631,116.146,"[200.0,17.4,0.0254,31.7,0.0176631]","[0.0635923949967424,2.936274574883812,0.2718658720257219,2.0324732365928413,1.3481158126933128]",125.24362112904095
200,17.4,0.0254,39.6,0.0172206,114.044,"[200.0,17.4,0.0254,39.6,0.0172206]","[0.0635923949967424,2.936274574883812,0.2718658720257219,2.5389886488667672,1.3143425086234275]",126.06429872612995
200,17.4,0.0254,55.5,0.0165706,109.951,"[200.0,17.4,0.0254,55.5,0.0165706]","[0.0635923949967424,2.936274574883812,0.2718658720257219,3.5584310609117566,1.2647320054699238]",127.67830278943778
200,19.7,0.0508,39.6,0.036484,125.974,"[200.0,19.7,0.0508,39.6,0.036484]","[0.0635923949967424,3.3244028232879943,0.5437317440514438,2.5389886488667672,2.784599380080667]",121.25022147564815
200,22.2,0.0254,39.6,0.0229028,116.066,"[200.0,22.2,0.0254,39.6,0.0229028]","[0.0635923949967424,3.746281354162105,0.2718658720257219,2.5389886488667672,1.7480298948062576]",123.31966959832609
250,0.0,0.3048,31.7,0.00331266,118.595,"[250.0,0.0,0.3048,31.7,0.00331266]","[0.07949049374592798,0.0,3.2623904643086625,2.0324732365928413,0.25283496827151686]",124.20046348885936
250,4.0,0.3048,71.3,0.00497773,126.395,"[250.0,4.0,0.3048,71.3,0.00497773]","[0.07949049374592798,0.6750056493985775,3.2623904643086625,4.571461885459608,0.3799195228650624]",126.1606883964179
250,7.3,0.2286,31.7,0.0132672,130.089,"[250.0,7.3,0.2286,31.7,0.0132672]","[0.07949049374592798,1.231885310152404,2.446792848231497,2.0324732365928413,1.0126037960587169]",122.53378592206057
250,7.3,0.2286,39.6,0.0123481,131.889,"[250.0,7.3,0.2286,39.6,0.0123481]","[0.07949049374592798,1.231885310152404,2.446792848231497,2.5389886488667672,0.9424545445996624]",123.42922049990014
250,7.3,0.2286,71.3,0.0104404,139.918,"[250.0,7.3,0.2286,71.3,0.0104404]","[0.07949049374592798,1.231885310152404,2.446792848231497,4.571461885459608,0.796851534036679]",126.74303952810719
250,8.9,0.1016,39.6,0.0124596,134.34,"[250.0,8.9,0.1016,39.6,0.0124596]","[0.07949049374592798,1.501887569911835,1.0874634881028875,2.5389886488667672,0.9509646539867633]",127.31623882398118
250,8.9,0.1016,71.3,0.0103088,134.533,"[250.0,8.9,0.1016,71.3,0.0103088]","[0.07949049374592798,1.501887569911835,1.0874634881028875,4.571461885459608,0.7868073152443695]",130.668189245433
250,9.5,0.0254,39.6,0.00449821,116.924,"[250.0,9.5,0.0254,39.6,0.00449821]","[0.07949049374592798,1.6031384173216217,0.2718658720257219,2.5389886488667672,0.3433207098309576]",131.04672652942818
250,9.9,0.1524,39.6,0.0233328,128.335,"[250.0,9.9,0.1524,39.6,0.0233328]","[0.07949049374592798,1.6706389822614796,1.6311952321543313,2.5389886488667672,1.7808491507385753]",123.41569497681935
250,11.2,0.0508,71.3,0.014072,127.101,"[250.0,11.2,0.0508,71.3,0.014072]","[0.07949049374592798,1.890015818316017,0.5437317440514438,4.571461885459608,1.074029231347855]",130.99876659053365
250,12.3,0.1016,31.7,0.0418756,125.857,"[250.0,12.3,0.1016,31.7,0.0418756]","[0.07949049374592798,2.075642371900626,1.0874634881028875,2.0324732365928413,3.19610705516133]",120.63814084383338
250,12.7,0.0254,39.6,0.0130253,121.547,"[250.0,12.7,0.0254,39.6,0.0130253]","[0.07949049374592798,2.1431429368404835,0.2718658720257219,2.5389886488667672,0.9941410565005128]",128.4736458457339
250,15.4,0.0508,31.7,0.0289853,121.225,"[250.0,15.4,0.0508,31.7,0.0289853]","[0.07949049374592798,2.5987717501845236,0.5437317440514438,2.0324732365928413,2.212269718546545]",123.27200751166721
250,15.6,0.1016,71.3,0.0437259,132.158,"[250.0,15.6,0.1016,71.3,0.0437259]","[0.07949049374592798,2.6325220326544523,1.0874634881028875,4.571461885459608,3.337329076676604]",122.83959160369207
250,17.4,0.0254,31.7,0.0176631,116.956,"[250.0,17.4,0.0254,31.7,0.0176631]","[0.07949049374592798,2.936274574883812,0.2718658720257219,2.0324732365928413,1.3481158126933128]",125.18017790733376
250,19.7,0.0508,71.3,0.0341183,119.115,"[250.0,19.7,0.0508,71.3,0.0341183]","[0.07949049374592798,3.3244028232879943,0.5437317440514438,4.571461885459608,2.6040400457572144]",124.57243676427927
315,0.0,0.2286,31.7,0.0027238,120.595,"[315.0,0.0,0.2286,31.7,0.0027238]","[0.10015802211986927,0.0,2.446792848231497,2.0324732365928413,0.20789090536848265]",126.92372717245975
315,2.0,0.2286,31.7,0.00372371,120.147,"[315.0,2.0,0.2286,31.7,0.00372371]","[0.10015802211986927,0.3375028246992888,2.446792848231497,2.0324732365928413,0.28420788722728263]",125.99465778112535
315,5.4,0.1524,39.6,0.00485029,125.347,"[315.0,5.4,0.1524,39.6,0.00485029]","[0.10015802211986927,0.9112576266880797,1.6311952321543313,2.5389886488667672,0.37019281129293546]",127.96980321514125
315,7.3,0.2286,71.3,0.0104404,139.808,"[315.0,7.3,0.2286,71.3,0.0104404]","[0.10015802211986927,1.231885310152404,2.446792848231497,4.571461885459608,0.796851534036679]",126.66056333988783
315,12.3,0.1016,39.6,0.0408268,129.415,"[315.0,12.3,0.1016,39.6,0.0408268]","[0.10015802211986927,2.075642371900626,1.0874634881028875,2.5389886488667672,3.116058600226877]",121.47144329640649
315,12.6,0.1524,71.3,0.0483159,128.484,"[315.0,12.6,0.1524,71.3,0.0483159]","[0.10015802211986927,2.126267795605519,1.6311952321543313,4.571461885459608,3.687655552791347]",121.3865789120527
315,12.7,0.0254,39.6,0.0130253,123.537,"[315.0,12.7,0.0254,39.6,0.0130253]","[0.10015802211986927,2.1431429368404835,0.2718658720257219,2.5389886488667672,0.9941410565005128]",128.39116965751455
315,12.7,0.0254,71.3,0.0121808,122.938,"[315.0,12.7,0.0254,71.3,0.0121808]","[0.10015802211986927,2.1431429368404835,0.2718658720257219,4.571461885459608,0.9296855643264605]",131.53822070012777
315,15.6,0.1016,39.6,0.0528487,122.754,"[315.0,15.6,0.1016,39.6,0.0528487]","[0.10015802211986927,2.6325220326544523,1.0874634881028875,2.5389886488667672,4.0336163046285805]",118.31157357607499
315,17.4,0.0254,31.7,0.0176631,118.416,"[315.0,17.4,0.0254,31.7,0.0176631]","[0.10015802211986927,2.936274574883812,0.2718658720257219,2.0324732365928413,1.3481158126933128]",125.0977017191144
315,19.7,0.0508,39.6,0.036484,129.864,"[315.0,19.7,0.0508,39.6,0.036484]","[0.10015802211986927,3.3244028232879943,0.5437317440514438,2.5389886488667672,2.784599380080667]",121.1043020657216
315,22.2,0.0254,39.6,0.0229028,120.716,"[315.0,22.2,0.0254,39.6,0.0229028]","[0.10015802211986927,3.746281354162105,0.2718658720257219,2.5389886488667672,1.7480298948062576]",123.17375018839954
400,2.0,0.2286,39.6,0.00346574,122.147,"[400.0,2.0,0.2286,39.6,0.00346574]","[0.1271847899934848,0.3375028246992888,2.446792848231497,2.5389886488667672,0.2645186233834221]",126.67853749162283
400,3.0,0.3048,31.7,0.00529514,125.398,"[400.0,3.0,0.3048,31.7,0.00529514]","[0.1271847899934848,0.5062542370489331,3.2623904643086625,2.0324732365928413,0.40414547641268345]",122.54082927457726
400,4.0,0.3048,39.6,0.00579636,128.633,"[400.0,4.0,0.3048,39.6,0.00579636]","[0.1271847899934848,0.6750056493985775,3.2623904643086625,2.5389886488667672,0.4424005170136053]",122.82736552144013
400,5.3,0.2286,39.6,0.00614329,131.221,"[400.0,5.3,0.2286,39.6,0.00614329]","[0.1271847899934848,0.8943824854531153,2.446792848231497,2.5389886488667672,0.4688795506429054]",124.98437358974842
400,7.2,0.1524,39.6,0.00909175,132.118,"[400.0,7.2,0.1524,39.6,0.00909175]","[0.1271847899934848,1.2150101689174395,1.6311952321543313,2.5389886488667672,0.693917372378259]",126.50165065948696
400,7.3,0.2286,55.5,0.0111706,135.924,"[400.0,7.3,0.2286,55.5,0.0111706]","[0.1271847899934848,1.231885310152404,2.446792848231497,3.5584310609117566,0.852583210040815]",124.93563578634893
400,8.4,0.0508,55.5,0.00544854,121.582,"[400.0,8.4,0.0508,55.5,0.00544854]","[0.1271847899934848,1.417511863737013,0.5437317440514438,3.5584310609117566,0.4158535551569103]",131.73964922638797
400,9.5,0.0254,31.7,0.00461377,124.756,"[400.0,9.5,0.0254,31.7,0.00461377]","[0.1271847899934848,1.6031384173216217,0.2718658720257219,2.0324732365928413,0.35214069405314047]",130.08700136391627
400,12.3,0.1016,71.3,0.0337792,139.428,"[400.0,12.3,0.1016,71.3,0.0337792]","[0.1271847899934848,2.075642371900626,1.0874634881028875,4.571461885459608,2.5781586278812867]",125.48362665165565
400,15.4,0.0508,39.6,0.0282593,125.353,"[400.0,15.4,0.0508,39.6,0.0282593]","[0.1271847899934848,2.5987717501845236,0.5437317440514438,2.5389886488667672,2.156858602716632]",123.94682376936433
400,15.6,0.1016,39.6,0.0528487,120.484,"[400.0,15.6,0.1016,39.6,0.0528487]","[0.1271847899934848,2.6325220326544523,1.0874634881028875,2.5389886488667672,4.0336163046285805]",118.20372009917276
500,0.0,0.1524,31.7,0.00209405,121.617,"[500.0,0.0,0.1524,31.7,0.00209405]","[0.15898098749185596,0.0,1.6311952321543313,2.0324732365928413,0.15982596019783796]",129.5011409152824
500,0.0,0.1524,55.5,0.00172668,120.573,"[500.0,0.0,0.1524,55.5,0.00172668]","[0.15898098749185596,0.0,1.6311952321543313,3.5584310609117566,0.13178686705398765]",131.82208248031273
500,0.0,0.2286,39.6,0.00253511,126.195,"[500.0,0.0,0.2286,39.6,0.00253511]","[0.15898098749185596,0.0,2.446792848231497,2.5389886488667672,0.1934893579222755]",127.46985354145974
500,1.5,0.3048,39.6,0.00392107,126.661,"[500.0,1.5,0.3048,39.6,0.00392107]","[0.15898098749185596,0.25312711852446657,3.2623904643086625,2.5389886488667672,0.2992711624617065]",123.95991317903565
500,2.7,0.1524,39.6,0.00294804,121.009,"[500.0,2.7,0.1524,39.6,0.00294804]","[0.15898098749185596,0.4556288133440399,1.6311952321543313,2.5389886488667672,0.22500576571793138]",129.07594907466333
500,3.0,0.3048,55.5,0.00452492,128.179,"[500.0,3.0,0.3048,55.5,0.00452492]","[0.15898098749185596,0.5062542370489331,3.2623904643086625,3.5584310609117566,0.3453593198913116]",124.79807333806346
500,4.0,0.2286,71.3,0.00400603,126.758,"[500.0,4.0,0.2286,71.3,0.00400603]","[0.15898098749185596,0.6750056493985775,2.446792848231497,4.571461885459608,0.30575563684312446]",128.7092624377347
500,5.4,0.1524,55.5,0.00433288,129.367,"[500.0,5.4,0.1524,55.5,0.00433288]","[0.15898098749185596,0.9112576266880797,1.6311952321543313,3.5584310609117566,0.33070208754423636]",129.3282699849102
500,5.4,0.1524,71.3,0.00401199,126.291,"[500.0,5.4,0.1524,71.3,0.00401199]","[0.15898098749185596,0.9112576266880797,1.6311952321543313,4.571461885459608,0.3062105269951166]",130.88114183789807
500,7.3,0.2286,31.7,0.0132672,128.169,"[500.0,7.3,0.2286,31.7,0.0132672]","[0.15898098749185596,1.231885310152404,2.446792848231497,2.0324732365928413,1.0126037960587169]",122.21656981352459
500,9.9,0.1524,55.5,0.0208438,127.815,"[500.0,9.9,0.1524,55.5,0.0208438]","[0.15898098749185596,1.6706389822614796,1.6311952321543313,3.5584310609117566,1.5908790855861583]",125.00093884346762
500,12.3,0.1016,31.7,0.0418756,118.667,"[500.0,12.3,0.1016,31.7,0.0418756]","[0.15898098749185596,2.075642371900626,1.0874634881028875,2.0324732365928413,3.19610705516133]",120.3209247352974
500,12.3,0.1016,71.3,0.0337792,140.158,"[500.0,12.3,0.1016,71.3,0.0337792]","[0.15898098749185596,2.075642371900626,1.0874634881028875,4.571461885459608,2.5781586278812867]",125.35674020824126
500,12.6,0.1524,71.3,0.0483159,121.664,"[500.0,12.6,0.1524,71.3,0.0483159]","[0.15898098749185596,2.126267795605519,1.6311952321543313,4.571461885459608,3.687655552791347]",121.15183899173606
500,15.4,0.0508,31.7,0.0289853,123.695,"[500.0,15.4,0.0508,31.7,0.0289853]","[0.15898098749185596,2.5987717501845236,0.5437317440514438,2.0324732365928413,2.212269718546545]",122.95479140313122
500,15.4,0.0508,55.5,0.0271925,127.22,"[500.0,15.4,0.0508,55.5,0.0271925]","[0.15898098749185596,2.5987717501845236,0.5437317440514438,3.5584310609117566,2.075436318464081]",125.49931845509252
630,0.0,0.1016,39.6,0.00146332,125.401,"[630.0,0.0,0.1016,39.6,0.00146332]","[0.20031604423973853,0.0,1.0874634881028875,2.5389886488667672,0.11168621765320802]",131.9953071583897
630,0.0,0.2286,39.6,0.00253511,128.705,"[630.0,0.0,0.2286,39.6,0.00253511]","[0.20031604423973853,0.0,2.446792848231497,2.5389886488667672,0.1934893579222755]",127.30490116502102
630,0.0,0.3048,55.5,0.00283081,127.696,"[630.0,0.0,0.3048,55.5,0.00283081]","[0.20031604423973853,0.0,3.2623904643086625,3.5584310609117566,0.21605832066456945]",126.05719330235252
630,1.5,0.3048,39.6,0.00392107,128.311,"[630.0,1.5,0.3048,39.6,0.00392107]","[0.20031604423973853,0.25312711852446657,3.2623904643086625,2.5389886488667672,0.2992711624617065]",123.79496080259693
630,2.0,0.2286,39.6,0.00346574,127.417,"[630.0,2.0,0.2286,39.6,0.00346574]","[0.20031604423973853,0.3375028246992888,2.446792848231497,2.5389886488667672,0.2645186233834221]",126.38669867176972
630,2.0,0.2286,71.3,0.00293031,127.356,"[630.0,2.0,0.2286,71.3,0.00293031]","[0.20031604423973853,0.3375028246992888,2.446792848231497,4.571461885459608,0.22365254383960584]",129.4852706123255
630,2.7,0.1524,71.3,0.00243851,127.404,"[630.0,2.7,0.1524,71.3,0.00243851]","[0.20031604423973853,0.4556288133440399,1.6311952321543313,4.571461885459608,0.1861164739151548]",132.0055061003804
630,3.0,0.3048,31.7,0.00529514,128.698,"[630.0,3.0,0.3048,31.7,0.00529514]","[0.20031604423973853,0.5062542370489331,3.2623904643086625,2.0324732365928413,0.40414547641268345]",122.24899045472414
630,4.0,0.3048,39.6,0.00579636,131.073,"[630.0,4.0,0.3048,39.6,0.00579636]","[0.20031604423973853,0.6750056493985775,3.2623904643086625,2.5389886488667672,0.4424005170136053]",122.53552670158702
630,4.8,0.0254,31.7,0.000930789,120.078,"[630.0,4.8,0.0254,31.7,0.000930789]","[0.20031604423973853,0.810006779278293,0.2718658720257219,2.0324732365928413,0.07104140095345642]",132.18759320929132
630,5.4,0.1524,39.6,0.00485029,132.357,"[630.0,5.4,0.1524,39.6,0.00485029]","[0.20031604423973853,0.9112576266880797,1.6311952321543313,2.5389886488667672,0.37019281129293546]",127.5701109183859
630,6.7,0.1016,71.3,0.00478288,131.448,"[630.0,6.7,0.1016,71.3,0.00478288]","[0.20031604423973853,1.1306344627426175,1.0874634881028875,4.571461885459608,0.36504782049666207]",131.90223925874963
630,7.3,0.2286,55.5,0.0111706,130.934,"[630.0,7.3,0.2286,55.5,0.0111706]","[0.20031604423973853,1.231885310152404,2.446792848231497,3.5584310609117566,0.852583210040815]",124.64379696649581
630,7.3,0.2286,71.3,0.0104404,133.768,"[630.0,7.3,0.2286,71.3,0.0104404]","[0.20031604423973853,1.231885310152404,2.446792848231497,4.571461885459608,0.796851534036679]",126.26087104313247
630,9.5,0.0254,31.7,0.00461377,129.006,"[630.0,9.5,0.0254,31.7,0.00461377]","[0.20031604423973853,1.6031384173216217,0.2718658720257219,2.0324732365928413,0.35214069405314047]",129.79516254406315
630,9.5,0.0254,55.5,0.0043284,125.452,"[630.0,9.5,0.0254,55.5,0.0043284]","[0.20031604423973853,1.6031384173216217,0.2718658720257219,3.5584310609117566,0.3303601566917322]",132.10324201840623
630,9.9,0.1524,55.5,0.0208438,127.315,"[630.0,9.9,0.1524,55.5,0.0208438]","[0.20031604423973853,1.6706389822614796,1.6311952321543313,3.5584310609117566,1.5908790855861583]",124.83598646702892
630,11.2,0.0508,39.6,0.0150478,133.13,"[630.0,11.2,0.0508,39.6,0.0150478]","[0.20031604423973853,1.890015818316017,0.5437317440514438,2.5389886488667672,1.148506045158915]",127.34895203236964
630,12.3,0.1016,71.3,0.0337792,135.368,"[630.0,12.3,0.1016,71.3,0.0337792]","[0.20031604423973853,2.075642371900626,1.0874634881028875,4.571461885459608,2.5781586278812867]",125.19178783180254
630,15.4,0.0508,31.7,0.0289853,124.685,"[630.0,15.4,0.0508,31.7,0.0289853]","[0.20031604423973853,2.5987717501845236,0.5437317440514438,2.0324732365928413,2.212269718546545]",122.7898390266925
630,17.4,0.0254,31.7,0.0176631,136.886,"[630.0,17.4,0.0254,31.7,0.0176631]","[0.20031604423973853,2.936274574883812,0.2718658720257219,2.0324732365928413,1.3481158126933128]",124.69800942235904
800,0.0,0.0508,39.6,0.000791822,126.508,"[800.0,0.0,0.0508,39.6,0.000791822]","[0.2543695799869696,0.0,0.5437317440514438,2.5389886488667672,0.06043490435079031]",133.69384411536237
800,0.0,0.1524,39.6,0.00193287,127.903,"[800.0,0.0,0.1524,39.6,0.00193287]","[0.2543695799869696,0.0,1.6311952321543313,2.5389886488667672,0.14752408189278912]",129.89703279978502
800,0.0,0.3048,31.7,0.00331266,129.235,"[800.0,0.0,0.3048,31.7,0.00331266]","[0.2543695799869696,0.0,3.2623904643086625,2.0324732365928413,0.25283496827151686]",123.50258805008016
800,2.0,0.2286,31.7,0.00372371,130.307,"[800.0,2.0,0.2286,31.7,0.00372371]","[0.2543695799869696,0.3375028246992888,2.446792848231497,2.0324732365928413,0.28420788722728263]",125.37925853056552
800,2.7,0.1524,39.6,0.00294804,128.829,"[800.0,2.7,0.1524,39.6,0.00294804]","[0.2543695799869696,0.4556288133440399,1.6311952321543313,2.5389886488667672,0.22500576571793138]",128.69528974442014
800,3.0,0.3048,71.3,0.00425727,129.494,"[800.0,3.0,0.3048,71.3,0.00425727]","[0.2543695799869696,0.5062542370489331,3.2623904643086625,4.571461885459608,0.3249312411697188]",125.96193491314729
800,3.3,0.1016,31.7,0.00251435,131.362,"[800.0,3.3,0.1016,31.7,0.00251435]","[0.2543695799869696,0.5568796607538264,1.0874634881028875,2.0324732365928413,0.19190487477540358]",129.58929435042364
800,3.3,0.1016,39.6,0.00245138,129.991,"[800.0,3.3,0.1016,39.6,0.00245138]","[0.2543695799869696,0.5568796607538264,1.0874634881028875,2.5389886488667672,0.18709876187759414]",130.35044085875
800,3.3,0.1016,55.5,0.002211,129.119,"[800.0,3.3,0.1016,55.5,0.002211]","[0.2543695799869696,0.5568796607538264,1.0874634881028875,3.5584310609117566,0.16875203457291837]",131.90019407343206
800,4.0,0.2286,39.6,0.00473801,130.469,"[800.0,4.0,0.2286,39.6,0.00473801]","[0.2543695799869696,0.6750056493985775,2.446792848231497,2.5389886488667672,0.36162316930205024]",125.19920136297742
800,5.3,0.2286,39.6,0.00614329,129.491,"[800.0,5.3,0.2286,39.6,0.00614329]","[0.2543695799869696,0.8943824854531153,2.446792848231497,2.5389886488667672,0.4688795506429054]",124.47682781609083
800,5.4,0.1524,39.6,0.00485029,132.757,"[800.0,5.4,0.1524,39.6,0.00485029]","[0.2543695799869696,0.9112576266880797,1.6311952321543313,2.5389886488667672,0.37019281129293546]",127.35440396458142
800,6.7,0.1016,39.6,0.00578076,134.625,"[800.0,6.7,0.1016,39.6,0.00578076]","[0.2543695799869696,1.1306344627426175,1.0874634881028875,2.5389886488667672,0.4412098649379212]",128.5154228785562
800,7.3,0.2286,71.3,0.0104404,130.748,"[800.0,7.3,0.2286,71.3,0.0104404]","[0.2543695799869696,1.231885310152404,2.446792848231497,4.571461885459608,0.796851534036679]",126.045164089328
800,8.4,0.0508,39.6,0.00566229,128.435,"[800.0,8.4,0.0508,39.6,0.00566229]","[0.2543695799869696,1.417511863737013,0.5437317440514438,2.5389886488667672,0.4321677783093126]",129.6865272804264
800,8.4,0.0508,55.5,0.00544854,128.562,"[800.0,8.4,0.0508,55.5,0.00544854]","[0.2543695799869696,1.417511863737013,0.5437317440514438,3.5584310609117566,0.4158535551569103]",131.23210345273037
800,9.9,0.1524,31.7,0.0252785,125.539,"[800.0,9.9,0.1524,31.7,0.0252785]","[0.2543695799869696,1.6706389822614796,1.6311952321543313,2.0324732365928413,1.9293524676397635]",121.6613578589867
800,12.3,0.1016,31.7,0.0418756,120.037,"[800.0,12.3,0.1016,31.7,0.0418756]","[0.2543695799869696,2.075642371900626,1.0874634881028875,2.0324732365928413,3.19610705516133]",119.94026540505419
800,12.3,0.1016,55.5,0.0368233,125.114,"[800.0,12.3,0.1016,55.5,0.0368233]","[0.2543695799869696,2.075642371900626,1.0874634881028875,3.5584310609117566,2.810496062726796]",122.996060561834
800,12.6,0.1524,39.6,0.0584113,116.56,"[800.0,12.6,0.1524,39.6,0.0584113]","[0.2543695799869696,2.126267795605519,1.6311952321543313,2.5389886488667672,4.458175358231165]",116.17308087816309
800,12.7,0.0254,39.6,0.0130253,130.217,"[800.0,12.7,0.0254,39.6,0.0130253]","[0.2543695799869696,2.1431429368404835,0.2718658720257219,2.5389886488667672,0.9941410565005128]",127.77577040695472
800,15.4,0.0508,39.6,0.0282593,128.423,"[800.0,15.4,0.0508,39.6,0.0282593]","[0.2543695799869696,2.5987717501845236,0.5437317440514438,2.5389886488667672,2.156858602716632]",123.43927799570675
800,15.6,0.1016,71.3,0.0437259,124.188,"[800.0,15.6,0.1016,71.3,0.0437259]","[0.2543695799869696,2.6325220326544523,1.0874634881028875,4.571461885459608,3.337329076676604]",122.14171616491288
800,17.4,0.0254,71.3,0.016104,124.276,"[800.0,17.4,0.0254,71.3,0.016104]","[0.2543695799869696,2.936274574883812,0.2718658720257219,4.571461885459608,1.2291192965908087]",128.49271128967146
800,19.7,0.0508,39.6,0.036484,119.174,"[800.0,19.7,0.0508,39.6,0.036484]","[0.2543695799869696,3.3244028232879943,0.5437317440514438,2.5389886488667672,2.784599380080667]",120.48890281516177
1000,0.0,0.0254,31.7,0.000439472,125.127,"[1000.0,0.0,0.0254,31.7,0.000439472]","[0.3179619749837119,0.0,0.2718658720257219,2.0324732365928413,0.03354219544904097]",133.6485277660601
1000,0.0,0.1016,71.3,0.00121072,128.825,"[1000.0,0.0,0.1016,71.3,0.00121072]","[0.3179619749837119,0.0,1.0874634881028875,4.571461885459608,0.09240681288924638]",134.58003602527467
1000,0.0,0.1524,39.6,0.00193287,130.033,"[1000.0,0.0,0.1524,39.6,0.00193287]","[0.3179619749837119,0.0,1.6311952321543313,2.5389886488667672,0.14752408189278912]",129.64325991295624
1000,0.0,0.1524,55.5,0.00172668,128.583,"[1000.0,0.0,0.1524,55.5,0.00172668]","[0.3179619749837119,0.0,1.6311952321543313,3.5584310609117566,0.13178686705398765]",131.18765026324076
1000,0.0,0.2286,31.7,0.0027238,130.595,"[1000.0,0.0,0.2286,31.7,0.0027238]","[0.3179619749837119,0.0,2.446792848231497,2.0324732365928413,0.20789090536848265]",126.05455503507112
1000,0.0,0.3048,31.7,0.00331266,127.365,"[1000.0,0.0,0.3048,31.7,0.00331266]","[0.3179619749837119,0.0,3.2623904643086625,2.0324732365928413,0.25283496827151686]",123.24881516325138
1000,1.5,0.3048,71.3,0.00336729,125.992,"[1000.0,1.5,0.3048,71.3,0.00336729]","[0.3179619749837119,0.25312711852446657,3.2623904643086625,4.571461885459608,0.25700454025194136]",126.42693118744762
1000,2.7,0.1524,39.6,0.00294804,130.589,"[1000.0,2.7,0.1524,39.6,0.00294804]","[0.3179619749837119,0.4556288133440399,1.6311952321543313,2.5389886488667672,0.22500576571793138]",128.44151685759132
1000,3.3,0.1016,39.6,0.00245138,131.971,"[1000.0,3.3,0.1016,39.6,0.00245138]","[0.3179619749837119,0.5568796607538264,1.0874634881028875,2.5389886488667672,0.18709876187759414]",130.09666797192122
1000,4.0,0.2286,55.5,0.0042862,132.134,"[1000.0,4.0,0.2286,55.5,0.0042862]","[0.3179619749837119,0.6750056493985775,2.446792848231497,3.5584310609117566,0.32713929017930476]",126.52834549368441
1000,4.0,0.3048,39.6,0.00579636,128.723,"[1000.0,4.0,0.3048,39.6,0.00579636]","[0.3179619749837119,0.6750056493985775,3.2623904643086625,2.5389886488667672,0.4424005170136053]",122.06604686095375
1000,4.0,0.3048,71.3,0.00497773,131.015,"[1000.0,4.0,0.3048,71.3,0.00497773]","[0.3179619749837119,0.6750056493985775,3.2623904643086625,4.571461885459608,0.3799195228650624]",125.2090400708099
1000,4.8,0.0254,31.7,0.000930789,125.348,"[1000.0,4.8,0.0254,31.7,0.000930789]","[0.3179619749837119,0.810006779278293,0.2718658720257219,2.0324732365928413,0.07104140095345642]",131.71811336865804
1000,5.4,0.1524,39.6,0.00485029,130.507,"[1000.0,5.4,0.1524,39.6,0.00485029]","[0.3179619749837119,0.9112576266880797,1.6311952321543313,2.5389886488667672,0.37019281129293546]",127.10063107775262
1000,5.4,0.1524,55.5,0.00433288,132.127,"[1000.0,5.4,0.1524,55.5,0.00433288]","[0.3179619749837119,0.9112576266880797,1.6311952321543313,3.5584310609117566,0.33070208754423636]",128.69383776783823
1000,6.7,0.1016,31.7,0.00592927,131.636,"[1000.0,6.7,0.1016,31.7,0.00592927]","[0.3179619749837119,1.1306344627426175,1.0874634881028875,2.0324732365928413,0.4525447200507317]",127.4870861268475
1000,6.7,0.1016,71.3,0.00478288,136.758,"[1000.0,6.7,0.1016,71.3,0.00478288]","[0.3179619749837119,1.1306344627426175,1.0874634881028875,4.571461885459608,0.36504782049666207]",131.43275941811638
1000,7.2,0.1524,39.6,0.00909175,128.338,"[1000.0,7.2,0.1524,39.6,0.00909175]","[0.3179619749837119,1.2150101689174395,1.6311952321543313,2.5389886488667672,0.693917372378259]",125.74033199900056
1000,7.2,0.1524,71.3,0.00752039,134.273,"[1000.0,7.2,0.1524,71.3,0.00752039]","[0.3179619749837119,1.2150101689174395,1.6311952321543313,4.571461885459608,0.5739851258624287]",129.00139449572282
1000,9.9,0.1524,55.5,0.0208438,124.665,"[1000.0,9.9,0.1524,55.5,0.0208438]","[0.3179619749837119,1.6706389822614796,1.6311952321543313,3.5584310609117566,1.5908790855861583]",124.36650662639563
1000,15.4,0.0508,31.7,0.0289853,124.525,"[1000.0,15.4,0.0508,31.7,0.0289853]","[0.3179619749837119,2.5987717501845236,0.5437317440514438,2.0324732365928413,2.212269718546545]",122.32035918605924
1000,15.6,0.1016,39.6,0.0528487,119.224,"[1000.0,15.6,0.1016,39.6,0.0528487]","[0.3179619749837119,2.6325220326544523,1.0874634881028875,2.5389886488667672,4.0336163046285805]",117.44240143868636
1000,17.4,0.0254,31.7,0.0176631,131.796,"[1000.0,17.4,0.0254,31.7,0.0176631]","[0.3179619749837119,2.936274574883812,0.2718658720257219,2.0324732365928413,1.3481158126933128]",124.22852958172577
1000,17.4,0.0254,55.5,0.0165706,126.001,"[1000.0,17.4,0.0254,55.5,0.0165706]","[0.3179619749837119,2.936274574883812,0.2718658720257219,3.5584310609117566,1.2647320054699238]",126.66321124212259
1000,17.4,0.0254,71.3,0.016104,125.816,"[1000.0,17.4,0.0254,71.3,0.016104]","[0.3179619749837119,2.936274574883812,0.2718658720257219,4.571461885459608,1.2291192965908087]",128.23893840284265
1250,0.0,0.0254,31.7,0.000439472,127.947,"[1250.0,0.0,0.0254,31.7,0.000439472]","[0.3974524687296399,0.0,0.2718658720257219,2.0324732365928413,0.03354219544904097]",133.3313116575241
1250,0.0,0.1524,31.7,0.00209405,131.467,"[1250.0,0.0,0.1524,31.7,0.00209405]","[0.3974524687296399,0.0,1.6311952321543313,2.0324732365928413,0.15982596019783796]",128.5494925896744
1250,0.0,0.2286,39.6,0.00253511,129.395,"[1250.0,0.0,0.2286,39.6,0.00253511]","[0.3974524687296399,0.0,2.446792848231497,2.5389886488667672,0.1934893579222755]",126.51820521585176
1250,0.0,0.2286,71.3,0.00214345,128.144,"[1250.0,0.0,0.2286,71.3,0.00214345]","[0.3974524687296399,0.0,2.446792848231497,4.571461885459608,0.16359635843750425]",129.59422614691843
1250,0.0,0.3048,39.6,0.00310138,125.499,"[1250.0,0.0,0.3048,39.6,0.00310138]","[0.3974524687296399,0.0,3.2623904643086625,2.5389886488667672,0.23670926503109796]",123.71600869316158
1250,0.0,0.3048,55.5,0.00283081,126.086,"[1250.0,0.0,0.3048,55.5,0.00283081]","[0.3974524687296399,0.0,3.2623904643086625,3.5584310609117566,0.21605832066456945]",125.27049735318325
1250,1.5,0.3048,39.6,0.00392107,125.211,"[1250.0,1.5,0.3048,39.6,0.00392107]","[0.3974524687296399,0.25312711852446657,3.2623904643086625,2.5389886488667672,0.2992711624617065]",123.00826485342766
1250,2.0,0.2286,71.3,0.00293031,128.816,"[1250.0,2.0,0.2286,71.3,0.00293031]","[0.3974524687296399,0.3375028246992888,2.446792848231497,4.571461885459608,0.22365254383960584]",128.69857466315625
1250,2.7,0.1524,71.3,0.00243851,130.144,"[1250.0,2.7,0.1524,71.3,0.00243851]","[0.3974524687296399,0.4556288133440399,1.6311952321543313,4.571461885459608,0.1861164739151548]",131.21881015121113
1250,3.0,0.3048,39.6,0.00495741,125.802,"[1250.0,3.0,0.3048,39.6,0.00495741]","[0.3974524687296399,0.5062542370489331,3.2623904643086625,2.5389886488667672,0.3783686222126329]",122.26653842896943
1250,3.0,0.3048,55.5,0.00452492,127.329,"[1250.0,3.0,0.3048,55.5,0.00452492]","[0.3974524687296399,0.5062542370489331,3.2623904643086625,3.5584310609117566,0.3453593198913116]",123.84642501245548
1250,3.3,0.1016,39.6,0.00245138,133.211,"[1250.0,3.3,0.1016,39.6,0.00245138]","[0.3974524687296399,0.5568796607538264,1.0874634881028875,2.5389886488667672,0.18709876187759414]",129.77945186338522
1250,4.0,0.2286,31.7,0.00509068,128.119,"[1250.0,4.0,0.2286,31.7,0.00509068]","[0.3974524687296399,0.6750056493985775,2.446792848231497,2.0324732365928413,0.3885403018361213]",123.82162503401676
1250,4.0,0.2286,39.6,0.00473801,128.339,"[1250.0,4.0,0.2286,39.6,0.00473801]","[0.3974524687296399,0.6750056493985775,2.446792848231497,2.5389886488667672,0.36162316930205024]",124.62821236761263
1250,4.0,0.2286,71.3,0.00400603,131.718,"[1250.0,4.0,0.2286,71.3,0.00400603]","[0.3974524687296399,0.6750056493985775,2.446792848231497,4.571461885459608,0.30575563684312446]",127.7576141121267
1250,5.4,0.1524,55.5,0.00433288,130.777,"[1250.0,5.4,0.1524,55.5,0.00433288]","[0.3974524687296399,0.9112576266880797,1.6311952321543313,3.5584310609117566,0.33070208754423636]",128.37662165930223
1250,6.7,0.1016,55.5,0.0052139,136.883,"[1250.0,6.7,0.1016,55.5,0.0052139]","[0.3974524687296399,1.1306344627426175,1.0874634881028875,3.5584310609117566,0.3979449267570055]",129.54539704138045
1250,7.3,0.2286,39.6,0.0123481,123.189,"[1250.0,7.3,0.2286,39.6,0.0123481]","[0.3974524687296399,1.231885310152404,2.446792848231497,2.5389886488667672,0.9424545445996624]",122.16035606575616
1250,8.4,0.0508,71.3,0.00529514,132.086,"[1250.0,8.4,0.0508,71.3,0.00529514]","[0.3974524687296399,1.417511863737013,0.5437317440514438,4.571461885459608,0.40414547641268345]",132.1877147058509
1250,8.9,0.1016,71.3,0.0103088,132.793,"[1250.0,8.9,0.1016,71.3,0.0103088]","[0.3974524687296399,1.501887569911835,1.0874634881028875,4.571461885459608,0.7868073152443695]",129.39932481128903
1250,9.5,0.0254,39.6,0.00449821,130.964,"[1250.0,9.5,0.0254,39.6,0.00449821]","[0.3974524687296399,1.6031384173216217,0.2718658720257219,2.5389886488667672,0.3433207098309576]",129.77786209528418
1250,9.5,0.0254,55.5,0.0043284,132.202,"[1250.0,9.5,0.0254,55.5,0.0043284]","[0.3974524687296399,1.6031384173216217,0.2718658720257219,3.5584310609117566,0.3303601566917322]",131.31654606923698
1250,9.9,0.1524,31.7,0.0252785,118.619,"[1250.0,9.9,0.1524,31.7,0.0252785]","[0.3974524687296399,1.6706389822614796,1.6311952321543313,2.0324732365928413,1.9293524676397635]",121.09036886362192
1250,9.9,0.1524,55.5,0.0208438,121.635,"[1250.0,9.9,0.1524,55.5,0.0208438]","[0.3974524687296399,1.6706389822614796,1.6311952321543313,3.5584310609117566,1.5908790855861583]",124.04929051785965
1250,12.3,0.1016,39.6,0.0408268,121.165,"[1250.0,12.3,0.1016,39.6,0.0408268]","[0.3974524687296399,2.075642371900626,1.0874634881028875,2.5389886488667672,3.116058600226877]",120.28505505048186
1250,12.6,0.1524,71.3,0.0483159,120.154,"[1250.0,12.6,0.1524,71.3,0.0483159]","[0.3974524687296399,2.126267795605519,1.6311952321543313,4.571461885459608,3.687655552791347]",120.20019066612807
1250,15.4,0.0508,31.7,0.0289853,123.255,"[1250.0,15.4,0.0508,31.7,0.0289853]","[0.3974524687296399,2.5987717501845236,0.5437317440514438,2.0324732365928413,2.212269718546545]",122.00314307752323
1250,15.6,0.1016,39.6,0.0528487,118.214,"[1250.0,15.6,0.1016,39.6,0.0528487]","[0.3974524687296399,2.6325220326544523,1.0874634881028875,2.5389886488667672,4.0336163046285805]",117.12518533015037
1250,15.6,0.1016,71.3,0.0437259,123.178,"[1250.0,15.6,0.1016,71.3,0.0437259]","[0.3974524687296399,2.6325220326544523,1.0874634881028875,4.571461885459608,3.337329076676604]",121.57072716954809
1250,17.4,0.0254,71.3,0.016104,126.356,"[1250.0,17.4,0.0254,71.3,0.016104]","[0.3974524687296399,2.936274574883812,0.2718658720257219,4.571461885459608,1.2291192965908087]",127.92172229430666
1250,19.7,0.0508,71.3,0.0341183,121.485,"[1250.0,19.7,0.0508,71.3,0.0341183]","[0.3974524687296399,3.3244028232879943,0.5437317440514438,4.571461885459608,2.6040400457572144]",123.3035723301353
1250,22.2,0.0254,39.6,0.0229028,126.446,"[1250.0,22.2,0.0254,39.6,0.0229028]","[0.3974524687296399,3.746281354162105,0.2718658720257219,2.5389886488667672,1.7480298948062576]",121.9873619424749
1250,22.2,0.0254,71.3,0.0214178,140.987,"[1250.0,22.2,0.0254,71.3,0.0214178]","[0.3974524687296399,3.746281354162105,0.2718658720257219,4.571461885459608,1.6346889760632526]",125.23487846173678
1600,0.0,0.0508,55.5,0.00076193,128.576,"[1600.0,0.0,0.0508,55.5,0.00076193]","[0.5087391599739391,0.0,0.5437317440514438,3.5584310609117566,0.058153431796537175]",134.1954897370636
1600,0.0,0.1016,55.5,0.00131983,132.05,"[1600.0,0.0,0.1016,55.5,0.00131983]","[0.5087391599739391,0.0,1.0874634881028875,3.5584310609117566,0.10073450827244453]",132.29906421382174
1600,0.0,0.1016,71.3,0.00121072,131.725,"[1600.0,0.0,0.1016,71.3,0.00121072]","[0.5087391599739391,0.0,1.0874634881028875,4.571461885459608,0.09240681288924638]",133.81871736478828
1600,0.0,0.1524,39.6,0.00193287,131.013,"[1600.0,0.0,0.1524,39.6,0.00193287]","[0.5087391599739391,0.0,1.6311952321543313,2.5389886488667672,0.14752408189278912]",128.88194125246983
1600,0.0,0.2286,39.6,0.00253511,127.095,"[1600.0,0.0,0.2286,39.6,0.00253511]","[0.5087391599739391,0.0,2.446792848231497,2.5389886488667672,0.1934893579222755]",126.07410266390137
1600,1.5,0.3048,71.3,0.00336729,126.632,"[1600.0,1.5,0.3048,71.3,0.00336729]","[0.5087391599739391,0.25312711852446657,3.2623904643086625,4.571461885459608,0.25700454025194136]",125.66561252696124
1600,2.0,0.2286,31.7,0.00372371,125.797,"[1600.0,2.0,0.2286,31.7,0.00372371]","[0.5087391599739391,0.3375028246992888,2.446792848231497,2.0324732365928413,0.28420788722728263]",124.36416698325034
1600,3.0,0.3048,71.3,0.00425727,126.514,"[1600.0,3.0,0.3048,71.3,0.00425727]","[0.5087391599739391,0.5062542370489331,3.2623904643086625,4.571461885459608,0.3249312411697188]",124.94684336583211
1600,3.3,0.1016,31.7,0.00251435,133.402,"[1600.0,3.3,0.1016,31.7,0.00251435]","[0.5087391599739391,0.5568796607538264,1.0874634881028875,2.0324732365928413,0.19190487477540358]",128.57420280310845
1600,4.0,0.3048,71.3,0.00497773,126.645,"[1600.0,4.0,0.3048,71.3,0.00497773]","[0.5087391599739391,0.6750056493985775,3.2623904643086625,4.571461885459608,0.3799195228650624]",124.44772141032352
1600,4.2,0.0508,39.6,0.00152689,130.197,"[1600.0,4.2,0.0508,39.6,0.00152689]","[0.5087391599739391,0.7087559318685065,0.5437317440514438,2.5389886488667672,0.11653812486162068]",130.941773288084
1600,4.2,0.0508,71.3,0.00142788,124.318,"[1600.0,4.2,0.0508,71.3,0.00142788]","[0.5087391599739391,0.7087559318685065,0.5437317440514438,4.571461885459608,0.10898130037357699]",133.97189067232594
1600,4.8,0.0254,55.5,0.000873218,121.474,"[1600.0,4.8,0.0254,55.5,0.000873218]","[0.5087391599739391,0.810006779278293,0.2718658720257219,3.5584310609117566,0.06664736052722509]",133.22914282402124
1600,5.4,0.1524,39.6,0.00485029,126.267,"[1600.0,5.4,0.1524,39.6,0.00485029]","[0.5087391599739391,0.9112576266880797,1.6311952321543313,2.5389886488667672,0.37019281129293546]",126.33931241726624
1600,5.4,0.1524,71.3,0.00401199,133.241,"[1600.0,5.4,0.1524,71.3,0.00401199]","[0.5087391599739391,0.9112576266880797,1.6311952321543313,4.571461885459608,0.3062105269951166]",129.48539096033969
1600,7.2,0.1524,39.6,0.00909175,120.058,"[1600.0,7.2,0.1524,39.6,0.00909175]","[0.5087391599739391,1.2150101689174395,1.6311952321543313,2.5389886488667672,0.693917372378259]",124.97901333851418
1600,8.4,0.0508,39.6,0.00566229,130.965,"[1600.0,8.4,0.0508,39.6,0.00566229]","[0.5087391599739391,1.417511863737013,0.5437317440514438,2.5389886488667672,0.4321677783093126]",128.67143573311122
1600,9.9,0.1524,71.3,0.0193001,121.789,"[1600.0,9.9,0.1524,71.3,0.0193001]","[0.5087391599739391,1.6706389822614796,1.6311952321543313,4.571461885459608,1.473057956789137]",125.34986339344938
1600,12.3,0.1016,39.6,0.0408268,117.875,"[1600.0,12.3,0.1016,39.6,0.0408268]","[0.5087391599739391,2.075642371900626,1.0874634881028875,2.5389886488667672,3.116058600226877]",119.84095249853146
1600,12.3,0.1016,71.3,0.0337792,124.748,"[1600.0,12.3,0.1016,71.3,0.0337792]","[0.5087391599739391,2.075642371900626,1.0874634881028875,4.571461885459608,2.5781586278812867]",123.96098933068288
1600,15.4,0.0508,31.7,0.0289853,121.485,"[1600.0,15.4,0.0508,31.7,0.0289853]","[0.5087391599739391,2.5987717501845236,0.5437317440514438,2.0324732365928413,2.212269718546545]",121.55904052557284
1600,15.6,0.1016,71.3,0.0437259,121.528,"[1600.0,15.6,0.1016,71.3,0.0437259]","[0.5087391599739391,2.6325220326544523,1.0874634881028875,4.571461885459608,3.337329076676604]",121.1266246175977
1600,17.4,0.0254,71.3,0.016104,126.406,"[1600.0,17.4,0.0254,71.3,0.016104]","[0.5087391599739391,2.936274574883812,0.2718658720257219,4.571461885459608,1.2291192965908087]",127.47761974235627
1600,22.2,0.0254,39.6,0.0229028,122.216,"[1600.0,22.2,0.0254,39.6,0.0229028]","[0.5087391599739391,3.746281354162105,0.2718658720257219,2.5389886488667672,1.7480298948062576]",121.54325939052453
2000,0.0,0.1016,39.6,0.00146332,133.251,"[2000.0,0.0,0.1016,39.6,0.00146332]","[0.6359239499674239,0.0,1.0874634881028875,2.5389886488667672,0.11168621765320802]",130.25696288361243
2000,0.0,0.2286,31.7,0.0027238,123.455,"[2000.0,0.0,0.2286,31.7,0.0027238]","[0.6359239499674239,0.0,2.446792848231497,2.0324732365928413,0.20789090536848265]",124.78569060092714
2000,0.0,0.3048,39.6,0.00310138,123.689,"[2000.0,0.0,0.3048,39.6,0.00310138]","[0.6359239499674239,0.0,3.2623904643086625,2.5389886488667672,0.23670926503109796]",122.7643603675536
2000,1.5,0.3048,71.3,0.00336729,126.642,"[2000.0,1.5,0.3048,71.3,0.00336729]","[0.6359239499674239,0.25312711852446657,3.2623904643086625,4.571461885459608,0.25700454025194136]",125.15806675330364
2000,2.0,0.2286,39.6,0.00346574,122.797,"[2000.0,2.0,0.2286,39.6,0.00346574]","[0.6359239499674239,0.3375028246992888,2.446792848231497,2.5389886488667672,0.2645186233834221]",124.64835439699247
2000,2.7,0.1524,39.6,0.00294804,128.139,"[2000.0,2.7,0.1524,39.6,0.00294804]","[0.6359239499674239,0.4556288133440399,1.6311952321543313,2.5389886488667672,0.22500576571793138]",127.17265242344736
2000,3.0,0.3048,39.6,0.00495741,120.532,"[2000.0,3.0,0.3048,39.6,0.00495741]","[0.6359239499674239,0.5062542370489331,3.2623904643086625,2.5389886488667672,0.3783686222126329]",121.31489010336144
2000,3.0,0.3048,55.5,0.00452492,123.069,"[2000.0,3.0,0.3048,55.5,0.00452492]","[0.6359239499674239,0.5062542370489331,3.2623904643086625,3.5584310609117566,0.3453593198913116]",122.8947766868475
2000,3.3,0.1016,39.6,0.00245138,132.301,"[2000.0,3.3,0.1016,39.6,0.00245138]","[0.6359239499674239,0.5568796607538264,1.0874634881028875,2.5389886488667672,0.18709876187759414]",128.82780353777724
2000,3.3,0.1016,55.5,0.002211,133.649,"[2000.0,3.3,0.1016,55.5,0.002211]","[0.6359239499674239,0.5568796607538264,1.0874634881028875,3.5584310609117566,0.16875203457291837]",130.37755675245927
2000,4.0,0.2286,71.3,0.00400603,126.218,"[2000.0,4.0,0.2286,71.3,0.00400603]","[0.6359239499674239,0.6750056493985775,2.446792848231497,4.571461885459608,0.30575563684312446]",126.80596578651873
2000,4.0,0.3048,39.6,0.00579636,120.963,"[2000.0,4.0,0.3048,39.6,0.00579636]","[0.6359239499674239,0.6750056493985775,3.2623904643086625,2.5389886488667672,0.4424005170136053]",120.79718242680977
2000,4.2,0.0508,39.6,0.00152689,132.587,"[2000.0,4.2,0.0508,39.6,0.00152689]","[0.6359239499674239,0.7087559318685065,0.5437317440514438,2.5389886488667672,0.11653812486162068]",130.4342275144264
2000,4.2,0.0508,71.3,0.00142788,129.848,"[2000.0,4.2,0.0508,71.3,0.00142788]","[0.6359239499674239,0.7087559318685065,0.5437317440514438,4.571461885459608,0.10898130037357699]",133.46434489866834
2000,6.7,0.1016,55.5,0.0052139,129.653,"[2000.0,6.7,0.1016,55.5,0.0052139]","[0.6359239499674239,1.1306344627426175,1.0874634881028875,3.5584310609117566,0.3979449267570055]",128.59374871577248
2000,6.7,0.1016,71.3,0.00478288,134.568,"[2000.0,6.7,0.1016,71.3,0.00478288]","[0.6359239499674239,1.1306344627426175,1.0874634881028875,4.571461885459608,0.36504782049666207]",130.1638949839724
2000,7.3,0.2286,39.6,0.0123481,117.809,"[2000.0,7.3,0.2286,39.6,0.0123481]","[0.6359239499674239,1.231885310152404,2.446792848231497,2.5389886488667672,0.9424545445996624]",121.20870774014817
2000,8.4,0.0508,39.6,0.00566229,129.965,"[2000.0,8.4,0.0508,39.6,0.00566229]","[0.6359239499674239,1.417511863737013,0.5437317440514438,2.5389886488667672,0.4321677783093126]",128.16388995945363
2000,8.4,0.0508,71.3,0.00529514,134.476,"[2000.0,8.4,0.0508,71.3,0.00529514]","[0.6359239499674239,1.417511863737013,0.5437317440514438,4.571461885459608,0.40414547641268345]",131.2360663802429
2000,9.5,0.0254,39.6,0.00449821,131.274,"[2000.0,9.5,0.0254,39.6,0.00449821]","[0.6359239499674239,1.6031384173216217,0.2718658720257219,2.5389886488667672,0.3433207098309576]",128.8262137696762
2000,9.5,0.0254,55.5,0.0043284,134.052,"[2000.0,9.5,0.0254,55.5,0.0043284]","[0.6359239499674239,1.6031384173216217,0.2718658720257219,3.5584310609117566,0.3303601566917322]",130.36489774362897
2000,9.9,0.1524,31.7,0.0252785,116.859,"[2000.0,9.9,0.1524,31.7,0.0252785]","[0.6359239499674239,1.6706389822614796,1.6311952321543313,2.0324732365928413,1.9293524676397635]",120.13872053801393
2000,9.9,0.1524,39.6,0.0233328,117.925,"[2000.0,9.9,0.1524,39.6,0.0233328]","[0.6359239499674239,1.6706389822614796,1.6311952321543313,2.5389886488667672,1.7808491507385753]",121.19518221706738
2000,12.3,0.1016,39.6,0.0408268,114.085,"[2000.0,12.3,0.1016,39.6,0.0408268]","[0.6359239499674239,2.075642371900626,1.0874634881028875,2.5389886488667672,3.116058600226877]",119.33340672487388
2000,17.4,0.0254,71.3,0.016104,126.826,"[2000.0,17.4,0.0254,71.3,0.016104]","[0.6359239499674239,2.936274574883812,0.2718658720257219,4.571461885459608,1.2291192965908087]",126.97007396869867
2000,19.7,0.0508,39.6,0.036484,117.724,"[2000.0,19.7,0.0508,39.6,0.036484]","[0.6359239499674239,3.3244028232879943,0.5437317440514438,2.5389886488667672,2.784599380080667]",118.96626549418899
2500,0.0,0.0508,71.3,0.000740478,131.31,"[2500.0,0.0,0.0508,71.3,0.000740478]","[0.7949049374592798,0.0,0.5437317440514438,4.571461885459608,0.056516132544769546]",134.5594153223559
2500,0.0,0.1016,31.7,0.00150092,132.003,"[2500.0,0.0,0.1016,31.7,0.00150092]","[0.7949049374592798,0.0,1.0874634881028875,2.0324732365928413,0.1145559944510107]",128.86536356358891
2500,0.0,0.1016,55.5,0.00131983,133.04,"[2500.0,0.0,0.1016,55.5,0.00131983]","[0.7949049374592798,0.0,1.0874634881028875,3.5584310609117566,0.10073450827244453]",131.15708622309216
2500,0.0,0.1524,31.7,0.00209405,125.867,"[2500.0,0.0,0.1524,31.7,0.00209405]","[0.7949049374592798,0.0,1.6311952321543313,2.0324732365928413,0.15982596019783796]",126.96341204699443
2500,0.0,0.2286,39.6,0.00253511,125.025,"[2500.0,0.0,0.2286,39.6,0.00253511]","[0.7949049374592798,0.0,2.446792848231497,2.5389886488667672,0.1934893579222755]",124.93212467317178
2500,0.0,0.2286,55.5,0.00229336,126.54,"[2500.0,0.0,0.2286,55.5,0.00229336]","[0.7949049374592798,0.0,2.446792848231497,3.5584310609117566,0.17503806694172233]",126.48209277888117
2500,0.0,0.2286,71.3,0.00214345,128.354,"[2500.0,0.0,0.2286,71.3,0.00214345]","[0.7949049374592798,0.0,2.446792848231497,4.571461885459608,0.16359635843750425]",128.00814560423845
2500,2.0,0.2286,31.7,0.00372371,121.407,"[2500.0,2.0,0.2286,31.7,0.00372371]","[0.7949049374592798,0.3375028246992888,2.446792848231497,2.0324732365928413,0.28420788722728263]",123.22218899252076
2500,2.7,0.1524,71.3,0.00243851,128.334,"[2500.0,2.7,0.1524,71.3,0.00243851]","[0.7949049374592798,0.4556288133440399,1.6311952321543313,4.571461885459608,0.1861164739151548]",129.63272960853115
2500,3.0,0.3048,55.5,0.00452492,122.439,"[2500.0,3.0,0.3048,55.5,0.00452492]","[0.7949049374592798,0.5062542370489331,3.2623904643086625,3.5584310609117566,0.3453593198913116]",122.2603444697755
2500,3.3,0.1016,55.5,0.002211,132.889,"[2500.0,3.3,0.1016,55.5,0.002211]","[0.7949049374592798,0.5568796607538264,1.0874634881028875,3.5584310609117566,0.16875203457291837]",129.7431245353873
2500,4.8,0.0254,31.7,0.000930789,132.588,"[2500.0,4.8,0.0254,31.7,0.000930789]","[0.7949049374592798,0.810006779278293,0.2718658720257219,2.0324732365928413,0.07104140095345642]",129.81481671744208
2500,5.4,0.1524,55.5,0.00433288,124.077,"[2500.0,5.4,0.1524,55.5,0.00433288]","[0.7949049374592798,0.9112576266880797,1.6311952321543313,3.5584310609117566,0.33070208754423636]",126.79054111662225
2500,6.7,0.1016,55.5,0.0052139,124.273,"[2500.0,6.7,0.1016,55.5,0.0052139]","[0.7949049374592798,1.1306344627426175,1.0874634881028875,3.5584310609117566,0.3979449267570055]",127.95931649870049
2500,7.3,0.2286,55.5,0.0111706,118.994,"[2500.0,7.3,0.2286,55.5,0.0111706]","[0.7949049374592798,1.231885310152404,2.446792848231497,3.5584310609117566,0.852583210040815]",122.27102047464656
2500,8.4,0.0508,31.7,0.00580776,125.576,"[2500.0,8.4,0.0508,31.7,0.00580776]","[0.7949049374592798,1.417511863737013,0.5437317440514438,2.0324732365928413,0.4432706089150667]",126.75537071598576
2500,8.4,0.0508,39.6,0.00566229,127.465,"[2500.0,8.4,0.0508,39.6,0.00566229]","[0.7949049374592798,1.417511863737013,0.5437317440514438,2.5389886488667672,0.4321677783093126]",127.52945774238162
2500,9.9,0.1524,39.6,0.0233328,116.295,"[2500.0,9.9,0.1524,39.6,0.0233328]","[0.7949049374592798,1.6706389822614796,1.6311952321543313,2.5389886488667672,1.7808491507385753]",120.5607499999954
2500,9.9,0.1524,71.3,0.0193001,119.639,"[2500.0,9.9,0.1524,71.3,0.0193001]","[0.7949049374592798,1.6706389822614796,1.6311952321543313,4.571461885459608,1.473057956789137]",124.2078854027198
2500,11.2,0.0508,71.3,0.014072,130.541,"[2500.0,11.2,0.0508,71.3,0.014072]","[0.7949049374592798,1.890015818316017,0.5437317440514438,4.571461885459608,1.074029231347855]",128.1438216137097
2500,12.7,0.0254,39.6,0.0130253,129.027,"[2500.0,12.7,0.0254,39.6,0.0130253]","[0.7949049374592798,2.1431429368404835,0.2718658720257219,2.5389886488667672,0.9941410565005128]",125.61870086890995
2500,17.4,0.0254,55.5,0.0165706,124.931,"[2500.0,17.4,0.0254,55.5,0.0165706]","[0.7949049374592798,2.936274574883812,0.2718658720257219,3.5584310609117566,1.2647320054699238]",124.75991459090662
2500,22.2,0.0254,71.3,0.0214178,126.097,"[2500.0,22.2,0.0254,71.3,0.0214178]","[0.7949049374592798,3.746281354162105,0.2718658720257219,4.571461885459608,1.6346889760632526]",123.64879791905682
3150,0.0,0.0254,31.7,0.000439472,135.227,"[3150.0,0.0,0.0254,31.7,0.000439472]","[1.0015802211986926,0.0,0.2718658720257219,2.0324732365928413,0.03354219544904097]",130.92046923265056
3150,0.0,0.0508,39.6,0.000791822,135.938,"[3150.0,0.0,0.0508,39.6,0.000791822]","[1.0015802211986926,0.0,0.5437317440514438,2.5389886488667672,0.06043490435079031]",130.712012695124
3150,0.0,0.1016,55.5,0.00131983,131.78,"[3150.0,0.0,0.1016,55.5,0.00131983]","[1.0015802211986926,0.0,1.0874634881028875,3.5584310609117566,0.10073450827244453]",130.33232434089857
3150,0.0,0.1524,55.5,0.00172668,127.753,"[3150.0,0.0,0.1524,55.5,0.00172668]","[1.0015802211986926,0.0,1.6311952321543313,3.5584310609117566,0.13178686705398765]",128.45959172983117
3150,0.0,0.1524,71.3,0.0015988,129.377,"[3150.0,0.0,0.1524,71.3,0.0015988]","[1.0015802211986926,0.0,1.6311952321543313,4.571461885459608,0.12202657298741833]",129.98218904472702
3150,0.0,0.3048,31.7,0.00331266,119.135,"[3150.0,0.0,0.3048,31.7,0.00331266]","[1.0015802211986926,0.0,3.2623904643086625,2.0324732365928413,0.25283496827151686]",120.52075662984181
3150,0.0,0.3048,39.6,0.00310138,120.319,"[3150.0,0.0,0.3048,39.6,0.00310138]","[1.0015802211986926,0.0,3.2623904643086625,2.5389886488667672,0.23670926503109796]",121.30516626828802
3150,2.0,0.2286,39.6,0.00346574,121.627,"[3150.0,2.0,0.2286,39.6,0.00346574]","[1.0015802211986926,0.3375028246992888,2.446792848231497,2.5389886488667672,0.2645186233834221]",123.18916029772689
3150,2.0,0.2286,55.5,0.00313525,123.742,"[3150.0,2.0,0.2286,55.5,0.00313525]","[1.0015802211986926,0.3375028246992888,2.446792848231497,3.5584310609117566,0.23929435386465056]",124.75304769523612
3150,2.0,0.2286,71.3,0.00293031,126.116,"[3150.0,2.0,0.2286,71.3,0.00293031]","[1.0015802211986926,0.3375028246992888,2.446792848231497,4.571461885459608,0.22365254383960584]",126.28773223828267
3150,2.7,0.1524,71.3,0.00243851,127.054,"[3150.0,2.7,0.1524,71.3,0.00243851]","[1.0015802211986926,0.4556288133440399,1.6311952321543313,4.571461885459608,0.1861164739151548]",128.80796772633755
3150,3.0,0.3048,39.6,0.00495741,118.922,"[3150.0,3.0,0.3048,39.6,0.00495741]","[1.0015802211986926,0.5062542370489331,3.2623904643086625,2.5389886488667672,0.3783686222126329]",119.85569600409586
3150,3.0,0.3048,71.3,0.00425727,121.514,"[3150.0,3.0,0.3048,71.3,0.00425727]","[1.0015802211986926,0.5062542370489331,3.2623904643086625,4.571461885459608,0.3249312411697188]",122.98010349290894
3150,3.3,0.1016,31.7,0.00251435,128.252,"[3150.0,3.3,0.1016,31.7,0.00251435]","[1.0015802211986926,0.5568796607538264,1.0874634881028875,2.0324732365928413,0.19190487477540358]",126.60746293018529
3150,3.3,0.1016,71.3,0.00202822,132.114,"[3150.0,3.3,0.1016,71.3,0.00202822]","[1.0015802211986926,0.5568796607538264,1.0874634881028875,4.571461885459608,0.1548015610861531]",130.4495712946594
3150,4.2,0.0508,39.6,0.00152689,133.587,"[3150.0,4.2,0.0508,39.6,0.00152689]","[1.0015802211986926,0.7087559318685065,0.5437317440514438,2.5389886488667672,0.11653812486162068]",128.97503341516082
3150,4.8,0.0254,31.7,0.000930789,134.268,"[3150.0,4.8,0.0254,31.7,0.000930789]","[1.0015802211986926,0.810006779278293,0.2718658720257219,2.0324732365928413,0.07104140095345642]",128.9900548352485
3150,4.8,0.0254,55.5,0.000873218,132.354,"[3150.0,4.8,0.0254,55.5,0.000873218]","[1.0015802211986926,0.810006779278293,0.2718658720257219,3.5584310609117566,0.06664736052722509]",131.26240295109807
3150,5.3,0.2286,71.3,0.0051942,123.12,"[3150.0,5.3,0.2286,71.3,0.0051942]","[1.0015802211986926,0.8943824854531153,2.446792848231497,4.571461885459608,0.39644134689219934]",124.65845287828253
3150,5.4,0.1524,39.6,0.00485029,119.137,"[3150.0,5.4,0.1524,39.6,0.00485029]","[1.0015802211986926,0.9112576266880797,1.6311952321543313,2.5389886488667672,0.37019281129293546]",124.37257254434307
3150,6.7,0.1016,71.3,0.00478288,124.458,"[3150.0,6.7,0.1016,71.3,0.00478288]","[1.0015802211986926,1.1306344627426175,1.0874634881028875,4.571461885459608,0.36504782049666207]",128.7047008847068
3150,7.3,0.2286,55.5,0.0111706,117.134,"[3150.0,7.3,0.2286,55.5,0.0111706]","[1.0015802211986926,1.231885310152404,2.446792848231497,3.5584310609117566,0.852583210040815]",121.44625859245298
3150,8.4,0.0508,55.5,0.00544854,128.402,"[3150.0,8.4,0.0508,55.5,0.00544854]","[1.0015802211986926,1.417511863737013,0.5437317440514438,3.5584310609117566,0.4158535551569103]",128.250272032492
3150,8.9,0.1016,71.3,0.0103088,123.263,"[3150.0,8.9,0.1016,71.3,0.0103088]","[1.0015802211986926,1.501887569911835,1.0874634881028875,4.571461885459608,0.7868073152443695]",126.98848238641547
3150,9.5,0.0254,39.6,0.00449821,129.934,"[3150.0,9.5,0.0254,39.6,0.00449821]","[1.0015802211986926,1.6031384173216217,0.2718658720257219,2.5389886488667672,0.3433207098309576]",127.36701967041063
3150,12.3,0.1016,31.7,0.0418756,110.307,"[3150.0,12.3,0.1016,31.7,0.0418756]","[1.0015802211986926,2.075642371900626,1.0874634881028875,2.0324732365928413,3.19610705516133]",116.95843398481584
3150,12.3,0.1016,55.5,0.0368233,116.914,"[3150.0,12.3,0.1016,55.5,0.0368233]","[1.0015802211986926,2.075642371900626,1.0874634881028875,3.5584310609117566,2.810496062726796]",120.01422914159565
3150,12.7,0.0254,71.3,0.0121808,133.758,"[3150.0,12.7,0.0254,71.3,0.0121808]","[1.0015802211986926,2.1431429368404835,0.2718658720257219,4.571461885459608,0.9296855643264605]",127.94099002932958
3150,15.4,0.0508,31.7,0.0289853,118.045,"[3150.0,15.4,0.0508,31.7,0.0289853]","[1.0015802211986926,2.5987717501845236,0.5437317440514438,2.0324732365928413,2.212269718546545]",119.59230065264967
3150,15.6,0.1016,71.3,0.0437259,116.468,"[3150.0,15.6,0.1016,71.3,0.0437259]","[1.0015802211986926,2.6325220326544523,1.0874634881028875,4.571461885459608,3.337329076676604]",119.15988474467453
3150,19.7,0.0508,71.3,0.0341183,116.225,"[3150.0,19.7,0.0508,71.3,0.0341183]","[1.0015802211986926,3.3244028232879943,0.5437317440514438,4.571461885459608,2.6040400457572144]",120.89272990526173
3150,22.2,0.0254,71.3,0.0214178,124.127,"[3150.0,22.2,0.0254,71.3,0.0214178]","[1.0015802211986926,3.746281354162105,0.2718658720257219,4.571461885459608,1.6346889760632526]",122.82403603686322
4000,0.0,0.0254,31.7,0.000439472,137.047,"[4000.0,0.0,0.0254,31.7,0.000439472]","[1.2718478999348477,0.0,0.2718658720257219,2.0324732365928413,0.03354219544904097]",129.84193446362818
4000,0.0,0.0254,71.3,0.000400682,138.557,"[4000.0,0.0,0.0254,71.3,0.000400682]","[1.2718478999348477,0.0,0.2718658720257219,4.571461885459608,0.030581593268541877]",133.61387541776037
4000,0.0,0.0508,31.7,0.000812164,134.11,"[4000.0,0.0,0.0508,31.7,0.000812164]","[1.2718478999348477,0.0,0.5437317440514438,2.0324732365928413,0.061987484127941965]",128.87901782267545
4000,0.0,0.0508,39.6,0.000791822,135.308,"[4000.0,0.0,0.0508,39.6,0.000791822]","[1.2718478999348477,0.0,0.5437317440514438,2.5389886488667672,0.06043490435079031]",129.63347792610162
4000,0.0,0.1016,31.7,0.00150092,126.933,"[4000.0,0.0,0.1016,31.7,0.00150092]","[1.2718478999348477,0.0,1.0874634881028875,2.0324732365928413,0.1145559944510107]",126.96206691237293
4000,0.0,0.2286,71.3,0.00214345,125.824,"[4000.0,0.0,0.2286,71.3,0.00214345]","[1.2718478999348477,0.0,2.446792848231497,4.571461885459608,0.16359635843750425]",126.10484895302248
4000,1.5,0.3048,39.6,0.00392107,117.741,"[4000.0,1.5,0.3048,39.6,0.00392107]","[1.2718478999348477,0.25312711852446657,3.2623904643086625,2.5389886488667672,0.2992711624617065]",119.51888765953171
4000,3.0,0.3048,31.7,0.00529514,115.608,"[4000.0,3.0,0.3048,31.7,0.00529514]","[1.2718478999348477,0.5062542370489331,3.2623904643086625,2.0324732365928413,0.40414547641268345]",117.97291731165893
4000,3.0,0.3048,55.5,0.00452492,118.689,"[4000.0,3.0,0.3048,55.5,0.00452492]","[1.2718478999348477,0.5062542370489331,3.2623904643086625,3.5584310609117566,0.3453593198913116]",120.35704781855954
4000,3.3,0.1016,55.5,0.002211,127.229,"[4000.0,3.3,0.1016,55.5,0.002211]","[1.2718478999348477,0.5568796607538264,1.0874634881028875,3.5584310609117566,0.16875203457291837]",127.83982788417131
4000,3.3,0.1016,71.3,0.00202822,128.704,"[4000.0,3.3,0.1016,71.3,0.00202822]","[1.2718478999348477,0.5568796607538264,1.0874634881028875,4.571461885459608,0.1548015610861531]",129.371036525637
4000,4.8,0.0254,55.5,0.000873218,133.924,"[4000.0,4.8,0.0254,55.5,0.000873218]","[1.2718478999348477,0.810006779278293,0.2718658720257219,3.5584310609117566,0.06664736052722509]",130.18386818207568
4000,4.8,0.0254,71.3,0.000848633,134.928,"[4000.0,4.8,0.0254,71.3,0.000848633]","[1.2718478999348477,0.810006779278293,0.2718658720257219,4.571461885459608,0.06477093865025756]",131.6902631840747
4000,5.3,0.2286,39.6,0.00614329,115.801,"[4000.0,5.3,0.2286,39.6,0.00614329]","[1.2718478999348477,0.8943824854531153,2.446792848231497,2.5389886488667672,0.4688795506429054]",120.41646162683008
4000,5.3,0.2286,71.3,0.0051942,120.33,"[4000.0,5.3,0.2286,71.3,0.0051942]","[1.2718478999348477,0.8943824854531153,2.446792848231497,4.571461885459608,0.39644134689219934]",123.57991810926015
4000,5.4,0.1524,39.6,0.00485029,117.137,"[4000.0,5.4,0.1524,39.6,0.00485029]","[1.2718478999348477,0.9112576266880797,1.6311952321543313,2.5389886488667672,0.37019281129293546]",123.29403777532069
4000,5.4,0.1524,55.5,0.00433288,119.737,"[4000.0,5.4,0.1524,55.5,0.00433288]","[1.2718478999348477,0.9112576266880797,1.6311952321543313,3.5584310609117566,0.33070208754423636]",124.88724446540628
4000,8.4,0.0508,31.7,0.00580776,118.106,"[4000.0,8.4,0.0508,31.7,0.00580776]","[1.2718478999348477,1.417511863737013,0.5437317440514438,2.0324732365928413,0.4432706089150667]",124.8520740647698
4000,8.4,0.0508,39.6,0.00566229,118.955,"[4000.0,8.4,0.0508,39.6,0.00566229]","[1.2718478999348477,1.417511863737013,0.5437317440514438,2.5389886488667672,0.4321677783093126]",125.62616109116566
4000,8.4,0.0508,55.5,0.00544854,122.612,"[4000.0,8.4,0.0508,55.5,0.00544854]","[1.2718478999348477,1.417511863737013,0.5437317440514438,3.5584310609117566,0.4158535551569103]",127.17173726346964
4000,8.4,0.0508,71.3,0.00529514,126.926,"[4000.0,8.4,0.0508,71.3,0.00529514]","[1.2718478999348477,1.417511863737013,0.5437317440514438,4.571461885459608,0.40414547641268345]",128.69833751195495
4000,8.9,0.1016,71.3,0.0103088,120.243,"[4000.0,8.9,0.1016,71.3,0.0103088]","[1.2718478999348477,1.501887569911835,1.0874634881028875,4.571461885459608,0.7868073152443695]",125.90994761739309
4000,9.5,0.0254,39.6,0.00449821,127.864,"[4000.0,9.5,0.0254,39.6,0.00449821]","[1.2718478999348477,1.6031384173216217,0.2718658720257219,2.5389886488667672,0.3433207098309576]",126.28848490138824
4000,9.9,0.1524,31.7,0.0252785,111.459,"[4000.0,9.9,0.1524,31.7,0.0252785]","[1.2718478999348477,1.6706389822614796,1.6311952321543313,2.0324732365928413,1.9293524676397635]",117.60099166972597
4000,11.2,0.0508,39.6,0.0150478,115.52,"[4000.0,11.2,0.0508,39.6,0.0150478]","[1.2718478999348477,1.890015818316017,0.5437317440514438,2.5389886488667672,1.148506045158915]",123.07287888930442
4000,11.2,0.0508,71.3,0.014072,122.471,"[4000.0,11.2,0.0508,71.3,0.014072]","[1.2718478999348477,1.890015818316017,0.5437317440514438,4.571461885459608,1.074029231347855]",126.24052496249371
4000,12.6,0.1524,39.6,0.0584113,104.5,"[4000.0,12.6,0.1524,39.6,0.0584113]","[1.2718478999348477,2.126267795605519,1.6311952321543313,2.5389886488667672,4.458175358231165]",112.11271468890236
4000,12.6,0.1524,71.3,0.0483159,108.034,"[4000.0,12.6,0.1524,71.3,0.0483159]","[1.2718478999348477,2.126267795605519,1.6311952321543313,4.571461885459608,3.687655552791347]",116.71081347223212
4000,12.7,0.0254,71.3,0.0121808,131.808,"[4000.0,12.7,0.0254,71.3,0.0121808]","[1.2718478999348477,2.1431429368404835,0.2718658720257219,4.571461885459608,0.9296855643264605]",126.8624552603072
5000,0.0,0.0254,55.5,0.00041229,135.803,"[5000.0,0.0,0.0254,55.5,0.00041229]","[1.5898098749185596,0.0,0.2718658720257219,3.5584310609117566,0.03146756053101245]",130.84065148589605
5000,0.0,0.0254,71.3,0.000400682,136.837,"[5000.0,0.0,0.0254,71.3,0.000400682]","[1.5898098749185596,0.0,0.2718658720257219,4.571461885459608,0.030581593268541877]",132.3450109836164
5000,0.0,0.0508,55.5,0.00076193,134.556,"[5000.0,0.0,0.0508,55.5,0.00076193]","[1.5898098749185596,0.0,0.5437317440514438,3.5584310609117566,0.058153431796537175]",129.88135066097408
5000,0.0,0.1016,31.7,0.00150092,124.393,"[5000.0,0.0,0.1016,31.7,0.00150092]","[1.5898098749185596,0.0,1.0874634881028875,2.0324732365928413,0.1145559944510107]",125.69320247822895
5000,1.5,0.3048,71.3,0.00336729,119.632,"[5000.0,1.5,0.3048,71.3,0.00336729]","[1.5898098749185596,0.25312711852446657,3.2623904643086625,4.571461885459608,0.25700454025194136]",121.35147345087171
5000,2.0,0.2286,55.5,0.00313525,120.472,"[5000.0,2.0,0.2286,55.5,0.00313525]","[1.5898098749185596,0.3375028246992888,2.446792848231497,3.5584310609117566,0.23929435386465056]",122.40564849206976
5000,3.0,0.3048,55.5,0.00452492,117.309,"[5000.0,3.0,0.3048,55.5,0.00452492]","[1.5898098749185596,0.5062542370489331,3.2623904643086625,3.5584310609117566,0.3453593198913116]",119.08818338441556
5000,3.3,0.1016,31.7,0.00251435,122.082,"[5000.0,3.3,0.1016,31.7,0.00251435]","[1.5898098749185596,0.5568796607538264,1.0874634881028875,2.0324732365928413,0.19190487477540358]",124.26006372701893
5000,4.0,0.2286,71.3,0.00400603,121.118,"[5000.0,4.0,0.2286,71.3,0.00400603]","[1.5898098749185596,0.6750056493985775,2.446792848231497,4.571461885459608,0.30575563684312446]",122.99937248408678
5000,4.2,0.0508,39.6,0.00152689,129.777,"[5000.0,4.2,0.0508,39.6,0.00152689]","[1.5898098749185596,0.7087559318685065,0.5437317440514438,2.5389886488667672,0.11653812486162068]",126.62763421199445
5000,5.4,0.1524,39.6,0.00485029,117.037,"[5000.0,5.4,0.1524,39.6,0.00485029]","[1.5898098749185596,0.9112576266880797,1.6311952321543313,2.5389886488667672,0.37019281129293546]",122.02517334117671
5000,5.4,0.1524,55.5,0.00433288,118.757,"[5000.0,5.4,0.1524,55.5,0.00433288]","[1.5898098749185596,0.9112576266880797,1.6311952321543313,3.5584310609117566,0.33070208754423636]",123.6183800312623
5000,5.4,0.1524,71.3,0.00401199,120.061,"[5000.0,5.4,0.1524,71.3,0.00401199]","[1.5898098749185596,0.9112576266880797,1.6311952321543313,4.571461885459608,0.3062105269951166]",125.17125188425017
5000,7.3,0.2286,55.5,0.0111706,113.144,"[5000.0,7.3,0.2286,55.5,0.0111706]","[1.5898098749185596,1.231885310152404,2.446792848231497,3.5584310609117566,0.852583210040815]",119.09885938928662
5000,8.9,0.1016,39.6,0.0124596,113.08,"[5000.0,8.9,0.1016,39.6,0.0124596]","[1.5898098749185596,1.501887569911835,1.0874634881028875,2.5389886488667672,0.9509646539867633]",121.28913276179728
5000,8.9,0.1016,71.3,0.0103088,116.723,"[5000.0,8.9,0.1016,71.3,0.0103088]","[1.5898098749185596,1.501887569911835,1.0874634881028875,4.571461885459608,0.7868073152443695]",124.64108318324911
5000,9.5,0.0254,55.5,0.0043284,128.412,"[5000.0,9.5,0.0254,55.5,0.0043284]","[1.5898098749185596,1.6031384173216217,0.2718658720257219,3.5584310609117566,0.3303601566917322]",126.55830444119704
5000,9.9,0.1524,71.3,0.0193001,114.569,"[5000.0,9.9,0.1524,71.3,0.0193001]","[1.5898098749185596,1.6706389822614796,1.6311952321543313,4.571461885459608,1.473057956789137]",121.03572431735985
5000,12.3,0.1016,31.7,0.0418756,107.147,"[5000.0,12.3,0.1016,31.7,0.0418756]","[1.5898098749185596,2.075642371900626,1.0874634881028875,2.0324732365928413,3.19610705516133]",114.61103478164948
5000,12.3,0.1016,55.5,0.0368233,112.014,"[5000.0,12.3,0.1016,55.5,0.0368233]","[1.5898098749185596,2.075642371900626,1.0874634881028875,3.5584310609117566,2.810496062726796]",117.66682993842929
5000,12.3,0.1016,71.3,0.0337792,116.108,"[5000.0,12.3,0.1016,71.3,0.0337792]","[1.5898098749185596,2.075642371900626,1.0874634881028875,4.571461885459608,2.5781586278812867]",119.64685025459335
5000,12.7,0.0254,71.3,0.0121808,128.978,"[5000.0,12.7,0.0254,71.3,0.0121808]","[1.5898098749185596,2.1431429368404835,0.2718658720257219,4.571461885459608,0.9296855643264605]",125.59359082616322
5000,15.4,0.0508,39.6,0.0282593,114.453,"[5000.0,15.4,0.0508,39.6,0.0282593]","[1.5898098749185596,2.5987717501845236,0.5437317440514438,2.5389886488667672,2.156858602716632]",118.11004737230202
5000,15.4,0.0508,71.3,0.0264269,119.135,"[5000.0,15.4,0.0508,71.3,0.0264269]","[1.5898098749185596,2.5987717501845236,0.5437317440514438,4.571461885459608,2.017002778134354]",121.41205523674381
5000,15.6,0.1016,39.6,0.0528487,106.224,"[5000.0,15.6,0.1016,39.6,0.0528487]","[1.5898098749185596,2.6325220326544523,1.0874634881028875,2.5389886488667672,4.0336163046285805]",112.36694370211045
5000,17.4,0.0254,39.6,0.0172206,119.854,"[5000.0,17.4,0.0254,39.6,0.0172206]","[1.5898098749185596,2.936274574883812,0.2718658720257219,2.5389886488667672,1.3143425086234275]",119.97374944223884
5000,17.4,0.0254,55.5,0.0165706,118.941,"[5000.0,17.4,0.0254,55.5,0.0165706]","[1.5898098749185596,2.936274574883812,0.2718658720257219,3.5584310609117566,1.2647320054699238]",121.58775350554667
5000,17.4,0.0254,71.3,0.016104,123.126,"[5000.0,17.4,0.0254,71.3,0.016104]","[1.5898098749185596,2.936274574883812,0.2718658720257219,4.571461885459608,1.2291192965908087]",123.16348066626674
6300,0.0,0.0254,39.6,0.000428464,136.826,"[6300.0,0.0,0.0254,39.6,0.000428464]","[2.003160442397385,0.0,0.2718658720257219,2.5389886488667672,0.03270202249717363]",127.67654228615154
6300,0.0,0.0254,71.3,0.000400682,134.987,"[6300.0,0.0,0.0254,71.3,0.000400682]","[2.003160442397385,0.0,0.2718658720257219,4.571461885459608,0.030581593268541877]",130.69548721922922
6300,0.0,0.0508,71.3,0.000740478,133.04,"[6300.0,0.0,0.0508,71.3,0.000740478]","[2.003160442397385,0.0,0.5437317440514438,4.571461885459608,0.056516132544769546]",129.7377304726088
6300,0.0,0.1524,31.7,0.00209405,119.737,"[6300.0,0.0,0.1524,31.7,0.00209405]","[2.003160442397385,0.0,1.6311952321543313,2.0324732365928413,0.15982596019783796]",122.1417271972473
6300,0.0,0.1524,55.5,0.00172668,123.303,"[6300.0,0.0,0.1524,55.5,0.00172668]","[2.003160442397385,0.0,1.6311952321543313,3.5584310609117566,0.13178686705398765]",124.46266876227764
6300,0.0,0.2286,55.5,0.00229336,118.41,"[6300.0,0.0,0.2286,55.5,0.00229336]","[2.003160442397385,0.0,2.446792848231497,3.5584310609117566,0.17503806694172233]",121.66040792913404
6300,0.0,0.3048,31.7,0.00331266,113.775,"[6300.0,0.0,0.3048,31.7,0.00331266]","[2.003160442397385,0.0,3.2623904643086625,2.0324732365928413,0.25283496827151686]",116.52383366228827
6300,0.0,0.3048,71.3,0.00266337,119.541,"[6300.0,0.0,0.3048,71.3,0.00266337]","[2.003160442397385,0.0,3.2623904643086625,4.571461885459608,0.2032786550522269]",120.39153445013474
6300,2.7,0.1524,71.3,0.00243851,121.944,"[6300.0,2.7,0.1524,71.3,0.00243851]","[2.003160442397385,0.4556288133440399,1.6311952321543313,4.571461885459608,0.1861164739151548]",124.81104475878402
6300,3.0,0.3048,31.7,0.00529514,109.718,"[6300.0,3.0,0.3048,31.7,0.00529514]","[2.003160442397385,0.5062542370489331,3.2623904643086625,2.0324732365928413,0.40414547641268345]",115.05452911312777
6300,3.0,0.3048,71.3,0.00425727,116.134,"[6300.0,3.0,0.3048,71.3,0.00425727]","[2.003160442397385,0.5062542370489331,3.2623904643086625,4.571461885459608,0.3249312411697188]",118.9831805253554
6300,3.3,0.1016,31.7,0.00251435,120.702,"[6300.0,3.3,0.1016,31.7,0.00251435]","[2.003160442397385,0.5568796607538264,1.0874634881028875,2.0324732365928413,0.19190487477540358]",122.61053996263175
6300,3.3,0.1016,71.3,0.00202822,124.904,"[6300.0,3.3,0.1016,71.3,0.00202822]","[2.003160442397385,0.5568796607538264,1.0874634881028875,4.571461885459608,0.1548015610861531]",126.45264832710586
6300,4.8,0.0254,55.5,0.000873218,135.164,"[6300.0,4.8,0.0254,55.5,0.000873218]","[2.003160442397385,0.810006779278293,0.2718658720257219,3.5584310609117566,0.06664736052722509]",127.26547998354454
6300,7.2,0.1524,39.6,0.00909175,112.688,"[6300.0,7.2,0.1524,39.6,0.00909175]","[2.003160442397385,1.2150101689174395,1.6311952321543313,2.5389886488667672,0.693917372378259]",119.01535049803746
6300,7.2,0.1524,71.3,0.00752039,116.603,"[6300.0,7.2,0.1524,71.3,0.00752039]","[2.003160442397385,1.2150101689174395,1.6311952321543313,4.571461885459608,0.5739851258624287]",122.27641299475972
6300,7.3,0.2286,31.7,0.0132672,110.689,"[6300.0,7.3,0.2286,31.7,0.0132672]","[2.003160442397385,1.231885310152404,2.446792848231497,2.0324732365928413,1.0126037960587169]",114.8571560954895
6300,8.9,0.1016,39.6,0.0124596,113.11,"[6300.0,8.9,0.1016,39.6,0.0124596]","[2.003160442397385,1.501887569911835,1.0874634881028875,2.5389886488667672,0.9509646539867633]",119.63960899741011
6300,9.5,0.0254,31.7,0.00461377,120.726,"[6300.0,9.5,0.0254,31.7,0.00461377]","[2.003160442397385,1.6031384173216217,0.2718658720257219,2.0324732365928413,0.35214069405314047]",122.60070120246678
6300,9.5,0.0254,39.6,0.00449821,120.324,"[6300.0,9.5,0.0254,39.6,0.00449821]","[2.003160442397385,1.6031384173216217,0.2718658720257219,2.5389886488667672,0.3433207098309576]",123.37009670285708
6300,9.5,0.0254,55.5,0.0043284,124.222,"[6300.0,9.5,0.0254,55.5,0.0043284]","[2.003160442397385,1.6031384173216217,0.2718658720257219,3.5584310609117566,0.3303601566917322]",124.90878067680987
6300,12.3,0.1016,39.6,0.0408268,107.985,"[6300.0,12.3,0.1016,39.6,0.0408268]","[2.003160442397385,2.075642371900626,1.0874634881028875,2.5389886488667672,3.116058600226877]",113.87728965805476
6300,12.6,0.1524,39.6,0.0584113,103.38,"[6300.0,12.6,0.1524,39.6,0.0584113]","[2.003160442397385,2.126267795605519,1.6311952321543313,2.5389886488667672,4.458175358231165]",109.19432649037121
6300,15.4,0.0508,31.7,0.0289853,108.185,"[6300.0,15.4,0.0508,31.7,0.0289853]","[2.003160442397385,2.5987717501845236,0.5437317440514438,2.0324732365928413,2.212269718546545]",115.59537768509614
8000,0.0,0.0508,31.7,0.000812164,126.59,"[8000.0,0.0,0.0508,31.7,0.000812164]","[2.5436957998696954,0.0,0.5437317440514438,2.0324732365928413,0.061987484127941965]",123.80356008609954
8000,0.0,0.0508,71.3,0.000740478,130.89,"[8000.0,0.0,0.0508,71.3,0.000740478]","[2.5436957998696954,0.0,0.5437317440514438,4.571461885459608,0.056516132544769546]",127.58066093456402
8000,0.0,0.1016,31.7,0.00150092,120.193,"[8000.0,0.0,0.1016,31.7,0.00150092]","[2.5436957998696954,0.0,1.0874634881028875,2.0324732365928413,0.1145559944510107]",121.88660917579702
8000,0.0,0.1016,55.5,0.00131983,124.45,"[8000.0,0.0,0.1016,55.5,0.00131983]","[2.5436957998696954,0.0,1.0874634881028875,3.5584310609117566,0.10073450827244453]",124.17833183530026
8000,0.0,0.1524,31.7,0.00209405,117.957,"[8000.0,0.0,0.1524,31.7,0.00209405]","[2.5436957998696954,0.0,1.6311952321543313,2.0324732365928413,0.15982596019783796]",119.98465765920254
8000,0.0,0.1524,39.6,0.00193287,120.553,"[8000.0,0.0,0.1524,39.6,0.00193287]","[2.5436957998696954,0.0,1.6311952321543313,2.5389886488667672,0.14752408189278912]",120.76120887394836
8000,0.0,0.2286,71.3,0.00214345,118.024,"[8000.0,0.0,0.2286,71.3,0.00214345]","[2.5436957998696954,0.0,2.446792848231497,4.571461885459608,0.16359635843750425]",121.02939121644656
8000,1.5,0.3048,39.6,0.00392107,112.251,"[8000.0,1.5,0.3048,39.6,0.00392107]","[2.5436957998696954,0.25312711852446657,3.2623904643086625,2.5389886488667672,0.2992711624617065]",114.4434299229558
8000,2.0,0.2286,71.3,0.00293031,115.996,"[8000.0,2.0,0.2286,71.3,0.00293031]","[2.5436957998696954,0.3375028246992888,2.446792848231497,4.571461885459608,0.22365254383960584]",120.13373973268436
8000,4.0,0.2286,71.3,0.00400603,112.848,"[8000.0,4.0,0.2286,71.3,0.00400603]","[2.5436957998696954,0.6750056493985775,2.446792848231497,4.571461885459608,0.30575563684312446]",119.19277918165484
8000,4.2,0.0508,39.6,0.00152689,120.397,"[8000.0,4.2,0.0508,39.6,0.00152689]","[2.5436957998696954,0.7087559318685065,0.5437317440514438,2.5389886488667672,0.11653812486162068]",122.82104090956251
8000,4.2,0.0508,71.3,0.00142788,125.268,"[8000.0,4.2,0.0508,71.3,0.00142788]","[2.5436957998696954,0.7087559318685065,0.5437317440514438,4.571461885459608,0.10898130037357699]",125.85115829380447
8000,4.8,0.0254,39.6,0.000907475,131.346,"[8000.0,4.8,0.0254,39.6,0.000907475]","[2.5436957998696954,0.810006779278293,0.2718658720257219,2.5389886488667672,0.06926198669111674]",123.59098860543638
8000,4.8,0.0254,55.5,0.000873218,132.184,"[8000.0,4.8,0.0254,55.5,0.000873218]","[2.5436957998696954,0.810006779278293,0.2718658720257219,3.5584310609117566,0.06664736052722509]",125.10841044549977
8000,5.3,0.2286,71.3,0.0051942,114.9,"[8000.0,5.3,0.2286,71.3,0.0051942]","[2.5436957998696954,0.8943824854531153,2.446792848231497,4.571461885459608,0.39644134689219934]",118.50446037268424
8000,7.2,0.1524,71.3,0.00752039,113.333,"[8000.0,7.2,0.1524,71.3,0.00752039]","[2.5436957998696954,1.2150101689174395,1.6311952321543313,4.571461885459608,0.5739851258624287]",120.11934345671496
8000,22.2,0.0254,71.3,0.0214178,121.657,"[8000.0,22.2,0.0254,71.3,0.0214178]","[2.5436957998696954,3.746281354162105,0.2718658720257219,4.571461885459608,1.6346889760632526]",116.67004353126492
10000,0.0,0.0254,39.6,0.000428464,133.376,"[10000.0,0.0,0.0254,39.6,0.000428464]","[3.1796197498371193,0.0,0.2718658720257219,2.5389886488667672,0.03270202249717363]",122.98174387981881
10000,0.0,0.1016,55.5,0.00131983,121.93,"[10000.0,0.0,0.1016,55.5,0.00131983]","[3.1796197498371193,0.0,1.0874634881028875,3.5584310609117566,0.10073450827244453]",121.6406029670123
10000,0.0,0.3048,31.7,0.00331266,108.265,"[10000.0,0.0,0.3048,31.7,0.00331266]","[3.1796197498371193,0.0,3.2623904643086625,2.0324732365928413,0.25283496827151686]",111.82903525595555
10000,0.0,0.3048,39.6,0.00310138,112.139,"[10000.0,0.0,0.3048,39.6,0.00310138]","[3.1796197498371193,0.0,3.2623904643086625,2.5389886488667672,0.23670926503109796]",112.61344489440177
10000,0.0,0.3048,55.5,0.00283081,113.076,"[10000.0,0.0,0.3048,55.5,0.00283081]","[3.1796197498371193,0.0,3.2623904643086625,3.5584310609117566,0.21605832066456945]",114.16793355442341
10000,1.5,0.3048,39.6,0.00392107,108.991,"[10000.0,1.5,0.3048,39.6,0.00392107]","[3.1796197498371193,0.25312711852446657,3.2623904643086625,2.5389886488667672,0.2992711624617065]",111.90570105466783
10000,1.5,0.3048,71.3,0.00336729,113.492,"[10000.0,1.5,0.3048,71.3,0.00336729]","[3.1796197498371193,0.25312711852446657,3.2623904643086625,4.571461885459608,0.25700454025194136]",115.00715128015179
10000,2.7,0.1524,39.6,0.00294804,112.589,"[10000.0,2.7,0.1524,39.6,0.00294804]","[3.1796197498371193,0.4556288133440399,1.6311952321543313,2.5389886488667672,0.22500576571793138]",117.0217369502955
10000,7.2,0.1524,39.6,0.00909175,110.868,"[10000.0,7.2,0.1524,39.6,0.00909175]","[3.1796197498371193,1.2150101689174395,1.6311952321543313,2.5389886488667672,0.693917372378259]",114.32055209170474
10000,7.2,0.1524,71.3,0.00752039,110.313,"[10000.0,7.2,0.1524,71.3,0.00752039]","[3.1796197498371193,1.2150101689174395,1.6311952321543313,4.571461885459608,0.5739851258624287]",117.581614588427
10000,12.7,0.0254,71.3,0.0121808,114.418,"[10000.0,12.7,0.0254,71.3,0.0121808]","[3.1796197498371193,2.1431429368404835,0.2718658720257219,4.571461885459608,0.9296855643264605]",119.24926865544333
12500,0.0,0.0254,39.6,0.000428464,129.116,"[12500.0,0.0,0.0254,39.6,0.000428464]","[3.9745246872963995,0.0,0.2718658720257219,2.5389886488667672,0.03270202249717363]",119.80958279445886
12500,0.0,0.0254,71.3,0.000400682,133.207,"[12500.0,0.0,0.0254,71.3,0.000400682]","[3.9745246872963995,0.0,0.2718658720257219,4.571461885459608,0.030581593268541877]",122.82852772753652
12500,0.0,0.1524,71.3,0.0015988,117.087,"[12500.0,0.0,0.1524,71.3,0.0015988]","[3.9745246872963995,0.0,1.6311952321543313,4.571461885459608,0.12202657298741833]",118.11830658548078
16000,0.0,0.0254,31.7,0.000439472,125.627,"[16000.0,0.0,0.0254,31.7,0.000439472]","[5.087391599739391,0.0,0.2718658720257219,2.0324732365928413,0.03354219544904097]",114.61556125390041
16000,0.0,0.1524,55.5,0.00172668,112.803,"[16000.0,0.0,0.1524,55.5,0.00172668]","[5.087391599739391,0.0,1.6311952321543313,3.5584310609117566,0.13178686705398765]",112.15468375108104
16000,0.0,0.3048,71.3,0.00266337,108.721,"[16000.0,0.0,0.3048,71.3,0.00266337]","[5.087391599739391,0.0,3.2623904643086625,4.571461885459608,0.2032786550522269]",108.08354943893812
20000,0.0,0.0254,55.5,0.00041229,121.933,"[20000.0,0.0,0.0254,55.5,0.00041229]","[6.3592394996742385,0.0,0.2718658720257219,3.5584310609117566,0.03146756053101245]",111.80768497373633
20000,0.0,0.0254,71.3,0.000400682,123.217,"[20000.0,0.0,0.0254,71.3,0.000400682]","[6.3592394996742385,0.0,0.2718658720257219,4.571461885459608,0.030581593268541877]",113.31204447145667
20000,4.8,0.0254,71.3,0.000848633,119.708,"[20000.0,4.8,0.0254,71.3,0.000848633]","[6.3592394996742385,0.810006779278293,0.2718658720257219,4.571461885459608,0.06477093865025756]",111.388432237771
