Fresh_Food,Milk,Grocery,Frozen_Food,features,prediction
12669,9656,7561,214,"[12669.0,9656.0,7561.0,214.0]",0
7057,9810,9568,1762,"[7057.0,9810.0,9568.0,1762.0]",0
6353,8808,7684,2405,"[6353.0,8808.0,7684.0,2405.0]",0
13265,1196,4221,6404,"[13265.0,1196.0,4221.0,6404.0]",0
22615,5410,7198,3915,"[22615.0,5410.0,7198.0,3915.0]",1
9413,8259,5126,666,"[9413.0,8259.0,5126.0,666.0]",0
12126,3199,6975,480,"[12126.0,3199.0,6975.0,480.0]",0
7579,4956,9426,1669,"[7579.0,4956.0,9426.0,1669.0]",0
5963,3648,6192,425,"[5963.0,3648.0,6192.0,425.0]",0
6006,11093,18881,1159,"[6006.0,11093.0,18881.0,1159.0]",0
3366,5403,12974,4400,"[3366.0,5403.0,12974.0,4400.0]",0
13146,1124,4523,1420,"[13146.0,1124.0,4523.0,1420.0]",0
31714,12319,11757,287,"[31714.0,12319.0,11757.0,287.0]",1
21217,6208,14982,3095,"[21217.0,6208.0,14982.0,3095.0]",0
24653,9465,12091,294,"[24653.0,9465.0,12091.0,294.0]",1
10253,1114,3821,397,"[10253.0,1114.0,3821.0,397.0]",0
1020,8816,12121,134,"[1020.0,8816.0,12121.0,134.0]",0
5876,6157,2933,839,"[5876.0,6157.0,2933.0,839.0]",0
18601,6327,10099,2205,"[18601.0,6327.0,10099.0,2205.0]",0
7780,2495,9464,669,"[7780.0,2495.0,9464.0,669.0]",0
17546,4519,4602,1066,"[17546.0,4519.0,4602.0,1066.0]",0
5567,871,2010,3383,"[5567.0,871.0,2010.0,3383.0]",0
31276,1917,4469,9408,"[31276.0,1917.0,4469.0,9408.0]",1
26373,36423,22019,5154,"[26373.0,36423.0,22019.0,5154.0]",2
22647,9776,13792,2915,"[22647.0,9776.0,13792.0,2915.0]",1
16165,4230,7595,201,"[16165.0,4230.0,7595.0,201.0]",0
9898,961,2861,3151,"[9898.0,961.0,2861.0,3151.0]",0
14276,803,3045,485,"[14276.0,803.0,3045.0,485.0]",0
4113,20484,25957,1158,"[4113.0,20484.0,25957.0,1158.0]",2
43088,2100,2609,1200,"[43088.0,2100.0,2609.0,1200.0]",1
18815,3610,11107,1148,"[18815.0,3610.0,11107.0,1148.0]",0
2612,4339,3133,2088,"[2612.0,4339.0,3133.0,2088.0]",0
21632,1318,2886,266,"[21632.0,1318.0,2886.0,266.0]",0
29729,4786,7326,6130,"[29729.0,4786.0,7326.0,6130.0]",1
1502,1979,2262,425,"[1502.0,1979.0,2262.0,425.0]",0
688,5491,11091,833,"[688.0,5491.0,11091.0,833.0]",0
29955,4362,5428,1729,"[29955.0,4362.0,5428.0,1729.0]",1
15168,10556,12477,1920,"[15168.0,10556.0,12477.0,1920.0]",0
4591,15729,16709,33,"[4591.0,15729.0,16709.0,33.0]",0
56159,555,902,10002,"[56159.0,555.0,902.0,10002.0]",1
24025,4332,4757,9510,"[24025.0,4332.0,4757.0,9510.0]",1
19176,3065,5956,2033,"[19176.0,3065.0,5956.0,2033.0]",0
10850,7555,14961,188,"[10850.0,7555.0,14961.0,188.0]",0
630,11095,23998,787,"[630.0,11095.0,23998.0,787.0]",0
9670,7027,10471,541,"[9670.0,7027.0,10471.0,541.0]",0
5181,22044,21531,1740,"[5181.0,22044.0,21531.0,1740.0]",2
3103,14069,21955,1668,"[3103.0,14069.0,21955.0,1668.0]",0
44466,54259,55571,7782,"[44466.0,54259.0,55571.0,7782.0]",2
11519,6152,10868,584,"[11519.0,6152.0,10868.0,584.0]",0
4967,21412,28921,1798,"[4967.0,21412.0,28921.0,1798.0]",2
6269,1095,1980,3860,"[6269.0,1095.0,1980.0,3860.0]",0
3347,4051,6996,239,"[3347.0,4051.0,6996.0,239.0]",0
40721,3916,5876,532,"[40721.0,3916.0,5876.0,532.0]",1
491,10473,11532,744,"[491.0,10473.0,11532.0,744.0]",0
27329,1449,1947,2436,"[27329.0,1449.0,1947.0,2436.0]",1
5264,3683,5005,1057,"[5264.0,3683.0,5005.0,1057.0]",0
4098,29892,26866,2616,"[4098.0,29892.0,26866.0,2616.0]",2
5417,9933,10487,38,"[5417.0,9933.0,10487.0,38.0]",0
13779,1970,1648,596,"[13779.0,1970.0,1648.0,596.0]",0
6137,5360,8040,129,"[6137.0,5360.0,8040.0,129.0]",0
8590,3045,7854,96,"[8590.0,3045.0,7854.0,96.0]",0
35942,38369,59598,3254,"[35942.0,38369.0,59598.0,3254.0]",2
7823,6245,6544,4154,"[7823.0,6245.0,6544.0,4154.0]",0
9396,11601,15775,2896,"[9396.0,11601.0,15775.0,2896.0]",0
4760,1227,3250,3724,"[4760.0,1227.0,3250.0,3724.0]",0
85,20959,45828,36,"[85.0,20959.0,45828.0,36.0]",2
9,1534,7417,175,"[9.0,1534.0,7417.0,175.0]",0
19913,6759,13462,1256,"[19913.0,6759.0,13462.0,1256.0]",0
2446,7260,3993,5870,"[2446.0,7260.0,3993.0,5870.0]",0
8352,2820,1293,779,"[8352.0,2820.0,1293.0,779.0]",0
16705,2037,3202,10643,"[16705.0,2037.0,3202.0,10643.0]",0
18291,1266,21042,5373,"[18291.0,1266.0,21042.0,5373.0]",0
4420,5139,2661,8872,"[4420.0,5139.0,2661.0,8872.0]",0
19899,5332,8713,8132,"[19899.0,5332.0,8713.0,8132.0]",0
8190,6343,9794,1285,"[8190.0,6343.0,9794.0,1285.0]",0
20398,1137,3,4407,"[20398.0,1137.0,3.0,4407.0]",0
717,3587,6532,7530,"[717.0,3587.0,6532.0,7530.0]",0
12205,12697,28540,869,"[12205.0,12697.0,28540.0,869.0]",2
10766,1175,2067,2096,"[10766.0,1175.0,2067.0,2096.0]",0
1640,3259,3655,868,"[1640.0,3259.0,3655.0,868.0]",0
7005,829,3009,430,"[7005.0,829.0,3009.0,430.0]",0
219,9540,14403,283,"[219.0,9540.0,14403.0,283.0]",0
10362,9232,11009,737,"[10362.0,9232.0,11009.0,737.0]",0
20874,1563,1783,2320,"[20874.0,1563.0,1783.0,2320.0]",0
11867,3327,4814,1178,"[11867.0,3327.0,4814.0,1178.0]",0
16117,46197,92780,1026,"[16117.0,46197.0,92780.0,1026.0]",2
22925,73498,32114,987,"[22925.0,73498.0,32114.0,987.0]",2
43265,5025,8117,6312,"[43265.0,5025.0,8117.0,6312.0]",1
7864,542,4042,9735,"[7864.0,542.0,4042.0,9735.0]",0
24904,3836,5330,3443,"[24904.0,3836.0,5330.0,3443.0]",1
11405,596,1638,3347,"[11405.0,596.0,1638.0,3347.0]",0
12754,2762,2530,8693,"[12754.0,2762.0,2530.0,8693.0]",0
9198,27472,32034,3232,"[9198.0,27472.0,32034.0,3232.0]",2
11314,3090,2062,35009,"[11314.0,3090.0,2062.0,35009.0]",0
5626,12220,11323,206,"[5626.0,12220.0,11323.0,206.0]",0
3,2920,6252,440,"[3.0,2920.0,6252.0,440.0]",0
23,2616,8118,145,"[23.0,2616.0,8118.0,145.0]",0
403,254,610,774,"[403.0,254.0,610.0,774.0]",0
503,112,778,895,"[503.0,112.0,778.0,895.0]",0
9658,2182,1909,5639,"[9658.0,2182.0,1909.0,5639.0]",0
11594,7779,12144,3252,"[11594.0,7779.0,12144.0,3252.0]",0
1420,10810,16267,1593,"[1420.0,10810.0,16267.0,1593.0]",0
2932,6459,7677,2561,"[2932.0,6459.0,7677.0,2561.0]",0
56082,3504,8906,18028,"[56082.0,3504.0,8906.0,18028.0]",1
14100,2132,3445,1336,"[14100.0,2132.0,3445.0,1336.0]",0
15587,1014,3970,910,"[15587.0,1014.0,3970.0,910.0]",0
1454,6337,10704,133,"[1454.0,6337.0,10704.0,133.0]",0
8797,10646,14886,2471,"[8797.0,10646.0,14886.0,2471.0]",0
1531,8397,6981,247,"[1531.0,8397.0,6981.0,247.0]",0
1406,16729,28986,673,"[1406.0,16729.0,28986.0,673.0]",2
11818,1648,1694,2276,"[11818.0,1648.0,1694.0,2276.0]",0
12579,11114,17569,805,"[12579.0,11114.0,17569.0,805.0]",0
19046,2770,2469,8853,"[19046.0,2770.0,2469.0,8853.0]",0
14438,2295,1733,3220,"[14438.0,2295.0,1733.0,3220.0]",0
18044,1080,2000,2555,"[18044.0,1080.0,2000.0,2555.0]",0
11134,793,2988,2715,"[11134.0,793.0,2988.0,2715.0]",0
11173,2521,3355,1517,"[11173.0,2521.0,3355.0,1517.0]",0
6990,3880,5380,1647,"[6990.0,3880.0,5380.0,1647.0]",0
20049,1891,2362,5343,"[20049.0,1891.0,2362.0,5343.0]",0
8258,2344,2147,3896,"[8258.0,2344.0,2147.0,3896.0]",0
17160,1200,3412,2417,"[17160.0,1200.0,3412.0,2417.0]",0
4020,3234,1498,2395,"[4020.0,3234.0,1498.0,2395.0]",0
12212,201,245,1991,"[12212.0,201.0,245.0,1991.0]",0
11170,10769,8814,2194,"[11170.0,10769.0,8814.0,2194.0]",0
36050,1642,2961,4787,"[36050.0,1642.0,2961.0,4787.0]",1
76237,3473,7102,16538,"[76237.0,3473.0,7102.0,16538.0]",1
19219,1840,1658,8195,"[19219.0,1840.0,1658.0,8195.0]",0
21465,7243,10685,880,"[21465.0,7243.0,10685.0,880.0]",0
140,8847,3823,142,"[140.0,8847.0,3823.0,142.0]",0
42312,926,1510,1718,"[42312.0,926.0,1510.0,1718.0]",1
7149,2428,699,6316,"[7149.0,2428.0,699.0,6316.0]",0
2101,589,314,346,"[2101.0,589.0,314.0,346.0]",0
14903,2032,2479,576,"[14903.0,2032.0,2479.0,576.0]",0
9434,1042,1235,436,"[9434.0,1042.0,1235.0,436.0]",0
7388,1882,2174,720,"[7388.0,1882.0,2174.0,720.0]",0
6300,1289,2591,1170,"[6300.0,1289.0,2591.0,1170.0]",0
4625,8579,7030,4575,"[4625.0,8579.0,7030.0,4575.0]",0
3087,8080,8282,661,"[3087.0,8080.0,8282.0,661.0]",0
13537,4257,5034,155,"[13537.0,4257.0,5034.0,155.0]",0
5387,4979,3343,825,"[5387.0,4979.0,3343.0,825.0]",0
17623,4280,7305,2279,"[17623.0,4280.0,7305.0,2279.0]",0
30379,13252,5189,321,"[30379.0,13252.0,5189.0,321.0]",1
37036,7152,8253,2995,"[37036.0,7152.0,8253.0,2995.0]",1
10405,1596,1096,8425,"[10405.0,1596.0,1096.0,8425.0]",0
18827,3677,1988,118,"[18827.0,3677.0,1988.0,118.0]",0
22039,8384,34792,42,"[22039.0,8384.0,34792.0,42.0]",2
7769,1936,2177,926,"[7769.0,1936.0,2177.0,926.0]",0
9203,3373,2707,1286,"[9203.0,3373.0,2707.0,1286.0]",0
5924,584,542,4052,"[5924.0,584.0,542.0,4052.0]",0
31812,1433,1651,800,"[31812.0,1433.0,1651.0,800.0]",1
16225,1825,1765,853,"[16225.0,1825.0,1765.0,853.0]",0
1289,3328,2022,531,"[1289.0,3328.0,2022.0,531.0]",0
18840,1371,3135,3001,"[18840.0,1371.0,3135.0,3001.0]",0
3463,9250,2368,779,"[3463.0,9250.0,2368.0,779.0]",0
622,55,137,75,"[622.0,55.0,137.0,75.0]",0
1989,10690,19460,233,"[1989.0,10690.0,19460.0,233.0]",0
3830,5291,14855,317,"[3830.0,5291.0,14855.0,317.0]",0
17773,1366,2474,3378,"[17773.0,1366.0,2474.0,3378.0]",0
2861,6570,9618,930,"[2861.0,6570.0,9618.0,930.0]",0
355,7704,14682,398,"[355.0,7704.0,14682.0,398.0]",0
1725,3651,12822,824,"[1725.0,3651.0,12822.0,824.0]",0
12434,540,283,1092,"[12434.0,540.0,283.0,1092.0]",0
15177,2024,3810,2665,"[15177.0,2024.0,3810.0,2665.0]",0
5531,15726,26870,2367,"[5531.0,15726.0,26870.0,2367.0]",2
5224,7603,8584,2540,"[5224.0,7603.0,8584.0,2540.0]",0
15615,12653,19858,4425,"[15615.0,12653.0,19858.0,4425.0]",0
4822,6721,9170,993,"[4822.0,6721.0,9170.0,993.0]",0
2926,3195,3268,405,"[2926.0,3195.0,3268.0,405.0]",0
5809,735,803,1393,"[5809.0,735.0,803.0,1393.0]",0
5414,717,2155,2399,"[5414.0,717.0,2155.0,2399.0]",0
260,8675,13430,1116,"[260.0,8675.0,13430.0,1116.0]",0
200,25862,19816,651,"[200.0,25862.0,19816.0,651.0]",2
955,5479,6536,333,"[955.0,5479.0,6536.0,333.0]",0
514,7677,19805,937,"[514.0,7677.0,19805.0,937.0]",0
286,1208,5241,2515,"[286.0,1208.0,5241.0,2515.0]",0
2343,7845,11874,52,"[2343.0,7845.0,11874.0,52.0]",0
45640,6958,6536,7368,"[45640.0,6958.0,6536.0,7368.0]",1
12759,7330,4533,1752,"[12759.0,7330.0,4533.0,1752.0]",0
11002,7075,4945,1152,"[11002.0,7075.0,4945.0,1152.0]",0
3157,4888,2500,4477,"[3157.0,4888.0,2500.0,4477.0]",0
12356,6036,8887,402,"[12356.0,6036.0,8887.0,402.0]",0
112151,29627,18148,16745,"[112151.0,29627.0,18148.0,16745.0]",1
694,8533,10518,443,"[694.0,8533.0,10518.0,443.0]",0
36847,43950,20170,36534,"[36847.0,43950.0,20170.0,36534.0]",2
327,918,4710,74,"[327.0,918.0,4710.0,74.0]",0
8170,6448,1139,2181,"[8170.0,6448.0,1139.0,2181.0]",0
3009,521,854,3470,"[3009.0,521.0,854.0,3470.0]",0
2438,8002,9819,6269,"[2438.0,8002.0,9819.0,6269.0]",0
8040,7639,11687,2758,"[8040.0,7639.0,11687.0,2758.0]",0
834,11577,11522,275,"[834.0,11577.0,11522.0,275.0]",0
16936,6250,1981,7332,"[16936.0,6250.0,1981.0,7332.0]",0
13624,295,1381,890,"[13624.0,295.0,1381.0,890.0]",0
5509,1461,2251,547,"[5509.0,1461.0,2251.0,547.0]",0
180,3485,20292,959,"[180.0,3485.0,20292.0,959.0]",0
7107,1012,2974,806,"[7107.0,1012.0,2974.0,806.0]",0
17023,5139,5230,7888,"[17023.0,5139.0,5230.0,7888.0]",0
30624,7209,4897,18711,"[30624.0,7209.0,4897.0,18711.0]",1
2427,7097,10391,1127,"[2427.0,7097.0,10391.0,1127.0]",0
11686,2154,6824,3527,"[11686.0,2154.0,6824.0,3527.0]",0
9670,2280,2112,520,"[9670.0,2280.0,2112.0,520.0]",0
3067,13240,23127,3941,"[3067.0,13240.0,23127.0,3941.0]",0
4484,14399,24708,3549,"[4484.0,14399.0,24708.0,3549.0]",2
25203,11487,9490,5065,"[25203.0,11487.0,9490.0,5065.0]",1
583,685,2216,469,"[583.0,685.0,2216.0,469.0]",0
1956,891,5226,1383,"[1956.0,891.0,5226.0,1383.0]",0
1107,11711,23596,955,"[1107.0,11711.0,23596.0,955.0]",0
6373,780,950,878,"[6373.0,780.0,950.0,878.0]",0
2541,4737,6089,2946,"[2541.0,4737.0,6089.0,2946.0]",0
1537,3748,5838,1859,"[1537.0,3748.0,5838.0,1859.0]",0
5550,12729,16767,864,"[5550.0,12729.0,16767.0,864.0]",0
18567,1895,1393,1801,"[18567.0,1895.0,1393.0,1801.0]",0
12119,28326,39694,4736,"[12119.0,28326.0,39694.0,4736.0]",2
7291,1012,2062,1291,"[7291.0,1012.0,2062.0,1291.0]",0
3317,6602,6861,1329,"[3317.0,6602.0,6861.0,1329.0]",0
2362,6551,11364,913,"[2362.0,6551.0,11364.0,913.0]",0
2806,10765,15538,1374,"[2806.0,10765.0,15538.0,1374.0]",0
2532,16599,36486,179,"[2532.0,16599.0,36486.0,179.0]",2
18044,1475,2046,2532,"[18044.0,1475.0,2046.0,2532.0]",0
18,7504,15205,1285,"[18.0,7504.0,15205.0,1285.0]",0
4155,367,1390,2306,"[4155.0,367.0,1390.0,2306.0]",0
14755,899,1382,1765,"[14755.0,899.0,1382.0,1765.0]",0
5396,7503,10646,91,"[5396.0,7503.0,10646.0,91.0]",0
5041,1115,2856,7496,"[5041.0,1115.0,2856.0,7496.0]",0
2790,2527,5265,5612,"[2790.0,2527.0,5265.0,5612.0]",0
7274,659,1499,784,"[7274.0,659.0,1499.0,784.0]",0
12680,3243,4157,660,"[12680.0,3243.0,4157.0,660.0]",0
20782,5921,9212,1759,"[20782.0,5921.0,9212.0,1759.0]",0
4042,2204,1563,2286,"[4042.0,2204.0,1563.0,2286.0]",0
1869,577,572,950,"[1869.0,577.0,572.0,950.0]",0
8656,2746,2501,6845,"[8656.0,2746.0,2501.0,6845.0]",0
11072,5989,5615,8321,"[11072.0,5989.0,5615.0,8321.0]",0
2344,10678,3828,1439,"[2344.0,10678.0,3828.0,1439.0]",0
25962,1780,3838,638,"[25962.0,1780.0,3838.0,638.0]",1
964,4984,3316,937,"[964.0,4984.0,3316.0,937.0]",0
15603,2703,3833,4260,"[15603.0,2703.0,3833.0,4260.0]",0
1838,6380,2824,1218,"[1838.0,6380.0,2824.0,1218.0]",0
8635,820,3047,2312,"[8635.0,820.0,3047.0,2312.0]",0
18692,3838,593,4634,"[18692.0,3838.0,593.0,4634.0]",0
7363,475,585,1112,"[7363.0,475.0,585.0,1112.0]",0
47493,2567,3779,5243,"[47493.0,2567.0,3779.0,5243.0]",1
22096,3575,7041,11422,"[22096.0,3575.0,7041.0,11422.0]",1
24929,1801,2475,2216,"[24929.0,1801.0,2475.0,2216.0]",1
18226,659,2914,3752,"[18226.0,659.0,2914.0,3752.0]",0
11210,3576,5119,561,"[11210.0,3576.0,5119.0,561.0]",0
6202,7775,10817,1183,"[6202.0,7775.0,10817.0,1183.0]",0
3062,6154,13916,230,"[3062.0,6154.0,13916.0,230.0]",0
8885,2428,1777,1777,"[8885.0,2428.0,1777.0,1777.0]",0
13569,346,489,2077,"[13569.0,346.0,489.0,2077.0]",0
15671,5279,2406,559,"[15671.0,5279.0,2406.0,559.0]",0
8040,3795,2070,6340,"[8040.0,3795.0,2070.0,6340.0]",0
3191,1993,1799,1730,"[3191.0,1993.0,1799.0,1730.0]",0
6134,23133,33586,6746,"[6134.0,23133.0,33586.0,6746.0]",2
6623,1860,4740,7683,"[6623.0,1860.0,4740.0,7683.0]",0
29526,7961,16966,432,"[29526.0,7961.0,16966.0,432.0]",1
10379,17972,4748,4686,"[10379.0,17972.0,4748.0,4686.0]",0
31614,489,1495,3242,"[31614.0,489.0,1495.0,3242.0]",1
11092,5008,5249,453,"[11092.0,5008.0,5249.0,453.0]",0
8475,1931,1883,5004,"[8475.0,1931.0,1883.0,5004.0]",0
56083,4563,2124,6422,"[56083.0,4563.0,2124.0,6422.0]",1
53205,4959,7336,3012,"[53205.0,4959.0,7336.0,3012.0]",1
9193,4885,2157,327,"[9193.0,4885.0,2157.0,327.0]",0
7858,1110,1094,6818,"[7858.0,1110.0,1094.0,6818.0]",0
23257,1372,1677,982,"[23257.0,1372.0,1677.0,982.0]",1
2153,1115,6684,4324,"[2153.0,1115.0,6684.0,4324.0]",0
1073,9679,15445,61,"[1073.0,9679.0,15445.0,61.0]",0
5909,23527,13699,10155,"[5909.0,23527.0,13699.0,10155.0]",0
572,9763,22182,2221,"[572.0,9763.0,22182.0,2221.0]",0
20893,1222,2576,3975,"[20893.0,1222.0,2576.0,3975.0]",0
11908,8053,19847,1069,"[11908.0,8053.0,19847.0,1069.0]",0
15218,258,1138,2516,"[15218.0,258.0,1138.0,2516.0]",0
4720,1032,975,5500,"[4720.0,1032.0,975.0,5500.0]",0
2083,5007,1563,1120,"[2083.0,5007.0,1563.0,1120.0]",0
514,8323,6869,529,"[514.0,8323.0,6869.0,529.0]",0
36817,3045,1493,4802,"[36817.0,3045.0,1493.0,4802.0]",1
894,1703,1841,744,"[894.0,1703.0,1841.0,744.0]",0
680,1610,223,862,"[680.0,1610.0,223.0,862.0]",0
27901,3749,6964,4479,"[27901.0,3749.0,6964.0,4479.0]",1
9061,829,683,16919,"[9061.0,829.0,683.0,16919.0]",0
11693,2317,2543,5845,"[11693.0,2317.0,2543.0,5845.0]",0
17360,6200,9694,1293,"[17360.0,6200.0,9694.0,1293.0]",0
3366,2884,2431,977,"[3366.0,2884.0,2431.0,977.0]",0
12238,7108,6235,1093,"[12238.0,7108.0,6235.0,1093.0]",0
49063,3965,4252,5970,"[49063.0,3965.0,4252.0,5970.0]",1
25767,3613,2013,10303,"[25767.0,3613.0,2013.0,10303.0]",1
68951,4411,12609,8692,"[68951.0,4411.0,12609.0,8692.0]",1
40254,640,3600,1042,"[40254.0,640.0,3600.0,1042.0]",1
7149,2247,1242,1619,"[7149.0,2247.0,1242.0,1619.0]",0
15354,2102,2828,8366,"[15354.0,2102.0,2828.0,8366.0]",0
16260,594,1296,848,"[16260.0,594.0,1296.0,848.0]",0
42786,286,471,1388,"[42786.0,286.0,471.0,1388.0]",1
2708,2160,2642,502,"[2708.0,2160.0,2642.0,502.0]",0
6022,3354,3261,2507,"[6022.0,3354.0,3261.0,2507.0]",0
2838,3086,4329,3838,"[2838.0,3086.0,4329.0,3838.0]",0
3996,11103,12469,902,"[3996.0,11103.0,12469.0,902.0]",0
21273,2013,6550,909,"[21273.0,2013.0,6550.0,909.0]",0
7588,1897,5234,417,"[7588.0,1897.0,5234.0,417.0]",0
19087,1304,3643,3045,"[19087.0,1304.0,3643.0,3045.0]",0
8090,3199,6986,1455,"[8090.0,3199.0,6986.0,1455.0]",0
6758,4560,9965,934,"[6758.0,4560.0,9965.0,934.0]",0
444,879,2060,264,"[444.0,879.0,2060.0,264.0]",0
16448,6243,6360,824,"[16448.0,6243.0,6360.0,824.0]",0
5283,13316,20399,1809,"[5283.0,13316.0,20399.0,1809.0]",0
2886,5302,9785,364,"[2886.0,5302.0,9785.0,364.0]",0
2599,3688,13829,492,"[2599.0,3688.0,13829.0,492.0]",0
161,7460,24773,617,"[161.0,7460.0,24773.0,617.0]",0
243,12939,8852,799,"[243.0,12939.0,8852.0,799.0]",0
6468,12867,21570,1840,"[6468.0,12867.0,21570.0,1840.0]",0
17327,2374,2842,1149,"[17327.0,2374.0,2842.0,1149.0]",0
6987,1020,3007,416,"[6987.0,1020.0,3007.0,416.0]",0
918,20655,13567,1465,"[918.0,20655.0,13567.0,1465.0]",0
7034,1492,2405,12569,"[7034.0,1492.0,2405.0,12569.0]",0
29635,2335,8280,3046,"[29635.0,2335.0,8280.0,3046.0]",1
2137,3737,19172,1274,"[2137.0,3737.0,19172.0,1274.0]",0
9784,925,2405,4447,"[9784.0,925.0,2405.0,4447.0]",0
10617,1795,7647,1483,"[10617.0,1795.0,7647.0,1483.0]",0
1479,14982,11924,662,"[1479.0,14982.0,11924.0,662.0]",0
7127,1375,2201,2679,"[7127.0,1375.0,2201.0,2679.0]",0
1182,3088,6114,978,"[1182.0,3088.0,6114.0,978.0]",0
11800,2713,3558,2121,"[11800.0,2713.0,3558.0,2121.0]",0
9759,25071,17645,1128,"[9759.0,25071.0,17645.0,1128.0]",2
1774,3696,2280,514,"[1774.0,3696.0,2280.0,514.0]",0
9155,1897,5167,2714,"[9155.0,1897.0,5167.0,2714.0]",0
15881,713,3315,3703,"[15881.0,713.0,3315.0,3703.0]",0
13360,944,11593,915,"[13360.0,944.0,11593.0,915.0]",0
25977,3587,2464,2369,"[25977.0,3587.0,2464.0,2369.0]",1
32717,16784,13626,60869,"[32717.0,16784.0,13626.0,60869.0]",1
4414,1610,1431,3498,"[4414.0,1610.0,1431.0,3498.0]",0
542,899,1664,414,"[542.0,899.0,1664.0,414.0]",0
16933,2209,3389,7849,"[16933.0,2209.0,3389.0,7849.0]",0
5113,1486,4583,5127,"[5113.0,1486.0,4583.0,5127.0]",0
9790,1786,5109,3570,"[9790.0,1786.0,5109.0,3570.0]",0
11223,14881,26839,1234,"[11223.0,14881.0,26839.0,1234.0]",2
22321,3216,1447,2208,"[22321.0,3216.0,1447.0,2208.0]",1
8565,4980,67298,131,"[8565.0,4980.0,67298.0,131.0]",2
16823,928,2743,11559,"[16823.0,928.0,2743.0,11559.0]",0
27082,6817,10790,1365,"[27082.0,6817.0,10790.0,1365.0]",1
13970,1511,1330,650,"[13970.0,1511.0,1330.0,650.0]",0
9351,1347,2611,8170,"[9351.0,1347.0,2611.0,8170.0]",0
3,333,7021,15601,"[3.0,333.0,7021.0,15601.0]",0
2617,1188,5332,9584,"[2617.0,1188.0,5332.0,9584.0]",0
381,4025,9670,388,"[381.0,4025.0,9670.0,388.0]",0
2320,5763,11238,767,"[2320.0,5763.0,11238.0,767.0]",0
255,5758,5923,349,"[255.0,5758.0,5923.0,349.0]",0
1689,6964,26316,1456,"[1689.0,6964.0,26316.0,1456.0]",0
3043,1172,1763,2234,"[3043.0,1172.0,1763.0,2234.0]",0
1198,2602,8335,402,"[1198.0,2602.0,8335.0,402.0]",0
2771,6939,15541,2693,"[2771.0,6939.0,15541.0,2693.0]",0
27380,7184,12311,2809,"[27380.0,7184.0,12311.0,2809.0]",1
3428,2380,2028,1341,"[3428.0,2380.0,2028.0,1341.0]",0
5981,14641,20521,2005,"[5981.0,14641.0,20521.0,2005.0]",0
3521,1099,1997,1796,"[3521.0,1099.0,1997.0,1796.0]",0
1210,10044,22294,1741,"[1210.0,10044.0,22294.0,1741.0]",0
608,1106,1533,830,"[608.0,1106.0,1533.0,830.0]",0
117,6264,21203,228,"[117.0,6264.0,21203.0,228.0]",0
14039,7393,2548,6386,"[14039.0,7393.0,2548.0,6386.0]",0
190,727,2012,245,"[190.0,727.0,2012.0,245.0]",0
22686,134,218,3157,"[22686.0,134.0,218.0,3157.0]",1
37,1275,22272,137,"[37.0,1275.0,22272.0,137.0]",0
759,18664,1660,6114,"[759.0,18664.0,1660.0,6114.0]",0
796,5878,2109,340,"[796.0,5878.0,2109.0,340.0]",0
19746,2872,2006,2601,"[19746.0,2872.0,2006.0,2601.0]",0
4734,607,864,1206,"[4734.0,607.0,864.0,1206.0]",0
2121,1601,2453,560,"[2121.0,1601.0,2453.0,560.0]",0
4627,997,4438,191,"[4627.0,997.0,4438.0,191.0]",0
2615,873,1524,1103,"[2615.0,873.0,1524.0,1103.0]",0
4692,6128,8025,1619,"[4692.0,6128.0,8025.0,1619.0]",0
9561,2217,1664,1173,"[9561.0,2217.0,1664.0,1173.0]",0
3477,894,534,1457,"[3477.0,894.0,534.0,1457.0]",0
22335,1196,2406,2046,"[22335.0,1196.0,2406.0,2046.0]",1
6211,337,683,1089,"[6211.0,337.0,683.0,1089.0]",0
39679,3944,4955,1364,"[39679.0,3944.0,4955.0,1364.0]",1
20105,1887,1939,8164,"[20105.0,1887.0,1939.0,8164.0]",0
3884,3801,1641,876,"[3884.0,3801.0,1641.0,876.0]",0
15076,6257,7398,1504,"[15076.0,6257.0,7398.0,1504.0]",0
6338,2256,1668,1492,"[6338.0,2256.0,1668.0,1492.0]",0
5841,1450,1162,597,"[5841.0,1450.0,1162.0,597.0]",0
3136,8630,13586,5641,"[3136.0,8630.0,13586.0,5641.0]",0
38793,3154,2648,1034,"[38793.0,3154.0,2648.0,1034.0]",1
3225,3294,1902,282,"[3225.0,3294.0,1902.0,282.0]",0
4048,5164,10391,130,"[4048.0,5164.0,10391.0,130.0]",0
28257,944,2146,3881,"[28257.0,944.0,2146.0,3881.0]",1
17770,4591,1617,9927,"[17770.0,4591.0,1617.0,9927.0]",0
34454,7435,8469,2540,"[34454.0,7435.0,8469.0,2540.0]",1
1821,1364,3450,4006,"[1821.0,1364.0,3450.0,4006.0]",0
10683,21858,15400,3635,"[10683.0,21858.0,15400.0,3635.0]",0
11635,922,1614,2583,"[11635.0,922.0,1614.0,2583.0]",0
1206,3620,2857,1945,"[1206.0,3620.0,2857.0,1945.0]",0
20918,1916,1573,1960,"[20918.0,1916.0,1573.0,1960.0]",0
9785,848,1172,1677,"[9785.0,848.0,1172.0,1677.0]",0
9385,1530,1422,3019,"[9385.0,1530.0,1422.0,3019.0]",0
3352,1181,1328,5502,"[3352.0,1181.0,1328.0,5502.0]",0
2647,2761,2313,907,"[2647.0,2761.0,2313.0,907.0]",0
518,4180,3600,659,"[518.0,4180.0,3600.0,659.0]",0
23632,6730,3842,8620,"[23632.0,6730.0,3842.0,8620.0]",1
12377,865,3204,1398,"[12377.0,865.0,3204.0,1398.0]",0
9602,1316,1263,2921,"[9602.0,1316.0,1263.0,2921.0]",0
4515,11991,9345,2644,"[4515.0,11991.0,9345.0,2644.0]",0
11535,1666,1428,6838,"[11535.0,1666.0,1428.0,6838.0]",0
11442,1032,582,5390,"[11442.0,1032.0,582.0,5390.0]",0
9612,577,935,1601,"[9612.0,577.0,935.0,1601.0]",0
4446,906,1238,3576,"[4446.0,906.0,1238.0,3576.0]",0
27167,2801,2128,13223,"[27167.0,2801.0,2128.0,13223.0]",1
26539,4753,5091,220,"[26539.0,4753.0,5091.0,220.0]",1
25606,11006,4604,127,"[25606.0,11006.0,4604.0,127.0]",1
18073,4613,3444,4324,"[18073.0,4613.0,3444.0,4324.0]",0
6884,1046,1167,2069,"[6884.0,1046.0,1167.0,2069.0]",0
25066,5010,5026,9806,"[25066.0,5010.0,5026.0,9806.0]",1
7362,12844,18683,2854,"[7362.0,12844.0,18683.0,2854.0]",0
8257,3880,6407,1646,"[8257.0,3880.0,6407.0,1646.0]",0
8708,3634,6100,2349,"[8708.0,3634.0,6100.0,2349.0]",0
6633,2096,4563,1389,"[6633.0,2096.0,4563.0,1389.0]",0
2126,3289,3281,1535,"[2126.0,3289.0,3281.0,1535.0]",0
97,3605,12400,98,"[97.0,3605.0,12400.0,98.0]",0
4983,4859,6633,17866,"[4983.0,4859.0,6633.0,17866.0]",0
5969,1990,3417,5679,"[5969.0,1990.0,3417.0,5679.0]",0
7842,6046,8552,1691,"[7842.0,6046.0,8552.0,1691.0]",0
4389,10940,10908,848,"[4389.0,10940.0,10908.0,848.0]",0
5065,5499,11055,364,"[5065.0,5499.0,11055.0,364.0]",0
660,8494,18622,133,"[660.0,8494.0,18622.0,133.0]",0
8861,3783,2223,633,"[8861.0,3783.0,2223.0,633.0]",0
4456,5266,13227,25,"[4456.0,5266.0,13227.0,25.0]",0
17063,4847,9053,1031,"[17063.0,4847.0,9053.0,1031.0]",0
26400,1377,4172,830,"[26400.0,1377.0,4172.0,830.0]",1
17565,3686,4657,1059,"[17565.0,3686.0,4657.0,1059.0]",0
16980,2884,12232,874,"[16980.0,2884.0,12232.0,874.0]",0
11243,2408,2593,15348,"[11243.0,2408.0,2593.0,15348.0]",0
13134,9347,14316,3141,"[13134.0,9347.0,14316.0,3141.0]",0
31012,16687,5429,15082,"[31012.0,16687.0,5429.0,15082.0]",1
3047,5970,4910,2198,"[3047.0,5970.0,4910.0,2198.0]",0
8607,1750,3580,47,"[8607.0,1750.0,3580.0,47.0]",0
3097,4230,16483,575,"[3097.0,4230.0,16483.0,575.0]",0
8533,5506,5160,13486,"[8533.0,5506.0,5160.0,13486.0]",0
21117,1162,4754,269,"[21117.0,1162.0,4754.0,269.0]",0
1982,3218,1493,1541,"[1982.0,3218.0,1493.0,1541.0]",0
16731,3922,7994,688,"[16731.0,3922.0,7994.0,688.0]",0
29703,12051,16027,13135,"[29703.0,12051.0,16027.0,13135.0]",1
39228,1431,764,4510,"[39228.0,1431.0,764.0,4510.0]",1
14531,15488,30243,437,"[14531.0,15488.0,30243.0,437.0]",2
10290,1981,2232,1038,"[10290.0,1981.0,2232.0,1038.0]",0
2787,1698,2510,65,"[2787.0,1698.0,2510.0,65.0]",0
